,id_ucd,id_merk,type,model,color,year,id_transmission,id_fuel_type,door,cylinder_size,cylinder_total,turbo,mileage,license_plate,price_cash,price_credit,nilai_jual_pkb,pkb_pokok,stnk_date,levy_date,swdkllj,total_levy,showroom_name,showroom_location,showroom_regency,created_at,updated_at,showroom_group
0,169,Suzuki,All New Baleno,MINIBUS,MERAH,2019,automatic,Gasoline,5,1372,4,0,20000,B 2786 TID,175000000,190000000,164000000.0,3444000.0,2024-11-19,2023-11-19,143000.0,3587000.0,ANGEL CARS,"Ps. Mobil Kemayoran, Jl. Industri Raya No.11, RW.10, Kemayoran, Kec. Kemayoran, Kota Jakarta Pusat",Jakarta Pusat,2023-04-16 06:06:00,2023-04-16 06:06:00,1
1,170,Toyota,FORTUNER 2.5,JEEP S.C.HDTP,HITAM METALIK,2015,automatic,Diesel,5,2494,4,1,130000,B 1206 UJM,295000000,310000000,289000000.0,7586300.0,2026-01-14,2024-01-14,143000.0,7729300.0,ANGEL CARS,"Ps. Mobil Kemayoran, Jl. Industri Raya No.11, RW.10, Kemayoran, Kec. Kemayoran, Kota Jakarta Pusat",Jakarta Pusat,2023-04-16 06:15:00,2023-04-16 06:15:00,1
2,25,Range Rover,RANGE ROVER 4.2L V8 AT,JEEP S.C.HDTP,HITAM,2007,automatic,Gasoline,5,4187,8,0,95,B 2907 SXV,535000000,550000000,536000000.0,11256000.0,2024-10-16,2023-10-16,143000.0,11399000.0,ARJUNA MOTOR DEALER MOBIL BEKAS,jln raya jatiwaringin no 2 pangkalan jati kalimalang Jakarta timur,Jakarta Timur,2023-04-11 07:29:00,2023-04-11 07:29:00,2
3,19,Jeep,GRAND CHEROKEE 5.7AT,JEEP L.C.HDTP,ABU ABU,2011,automatic,Gasoline,4,5654,8,0,45000,B 1526 PJG,425000000,440000000,511000000.0,10731000.0,2023-11-01,2022-11-01,143000.0,12231800.0,ARJUNA MOTOR DEALER MOBIL BEKAS,jln raya jatiwaringin no 2 pangkalan jati kalimalang Jakarta timur,Jakarta Timur,2023-04-11 05:54:00,2023-04-11 05:54:00,2
4,28,Jaguar,XF 3.0 V6 AT,SEDAN,HITAM METALIK,2011,automatic,Gasoline,5,2967,6,0,75000,B 2732 SXJ,289000000,304000000,435000000.0,8917500.0,2026-05-28,2022-05-28,143000.0,11122400.0,ARJUNA MOTOR DEALER MOBIL BEKAS,jln raya jatiwaringin no 2 pangkalan jati kalimalang Jakarta timur,Jakarta Timur,2023-04-11 08:00:00,2023-04-11 08:00:00,2
5,27,VW,TOUAREG 2.5L AT,JEEP L.C.HDTP,SILVER METALIK,2006,automatic,Gasoline,5,2460,5,0,55000,B 2359 SBF,215000000,230000000,243000000.0,5103000.0,2027-06-14,2023-06-14,143000.0,5246000.0,ARJUNA MOTOR DEALER MOBIL BEKAS,jln raya jatiwaringin no 2 pangkalan jati kalimalang Jakarta timur,Jakarta Timur,2023-04-11 07:40:00,2023-04-11 07:40:00,2
6,29,Audi,Q7 3.0 TFSI AT,JEEP L.C.HDTP,HITAM METALIK,2011,automatic,Gasoline,5,3000,4,0,120,B 2127 SBQ,323000000,338000000,452000000.0,9492000.0,2027-04-15,2023-04-15,143000.0,9635000.0,ARJUNA MOTOR DEALER MOBIL BEKAS,jln raya jatiwaringin no 2 pangkalan jati kalimalang Jakarta timur,Jakarta Timur,2023-04-11 08:08:00,2023-04-11 08:08:00,2
7,24,BMW,528 I AT,SEDAN,BIRU,1997,automatic,Gasoline,5,2793,6,0,160000,B 1617 BDY,650000000,665000000,66000000.0,1353000.0,2026-11-10,2022-11-10,143000.0,1728400.0,ARJUNA MOTOR DEALER MOBIL BEKAS,jln raya jatiwaringin no 2 pangkalan jati kalimalang Jakarta timur,Jakarta Timur,2023-04-11 07:22:00,2023-04-11 07:22:00,2
8,18,Mercedes Benz,E 300 AT (CKD),SEDAN,PUTIH,2012,automatic,Gasoline,4,2996,4,0,49000,B 2287 SBO,375000000,390000000,330000000.0,6765000.0,2027-06-11,2023-06-11,143000.0,6908000.0,ARJUNA MOTOR DEALER MOBIL BEKAS,jln raya jatiwaringin no 2 pangkalan jati kalimalang Jakarta timur,Jakarta Timur,2023-04-11 05:34:00,2023-04-11 05:34:00,2
9,20,Mercedes Benz,R350 L AT,JEEP L.C.HDTP,HITAM METALIK,2007,automatic,Gasoline,4,3498,6,0,90000,B 2507 PBG,285000000,300000000,298000000.0,6258000.0,2023-04-10,2023-04-10,143000.0,6701000.0,ARJUNA MOTOR DEALER MOBIL BEKAS,jln raya jatiwaringin no 2 pangkalan jati kalimalang Jakarta timur,Jakarta Timur,2023-04-11 06:10:00,2023-04-11 06:10:00,2
10,26,Mercedes Benz,300 GE,JEEP S.C.HDTP,UNGU METALIK,1993,automatic,Gasoline,5,2960,6,0,130000,B 1391 SCZ,875000000,890000000,49000000.0,1543500.0,2027-12-12,2023-12-12,143000.0,1686500.0,ARJUNA MOTOR DEALER MOBIL BEKAS,jln raya jatiwaringin no 2 pangkalan jati kalimalang Jakarta timur,Jakarta Timur,2023-04-11 07:35:00,2023-04-11 07:35:00,2
11,22,Daihatsu,AYLA1.0XAT(B100GQQFJ,MICRO/MINIBUS,MERAH,2016,automatic,Gasoline,5,998,3,0,60,B 2470 BKS,103000000,88000000,82000000.0,1722000.0,2026-10-26,2023-10-26,143000.0,1865000.0,ARJUNA MOTOR DEALER MOBIL BEKAS,jln raya jatiwaringin no 2 pangkalan jati kalimalang Jakarta timur,Jakarta Timur,2023-04-11 06:41:00,2023-04-11 06:41:00,2
12,21,Toyota,LC 100 4.7 AT,JEEP L.C.HDTP,HITAM,2004,automatic,Gasoline,5,4664,8,0,145000,B 1321 SCZ,475000000,490000000,415000000.0,8715000.0,2027-09-09,2023-09-09,143000.0,8858000.0,ARJUNA MOTOR DEALER MOBIL BEKAS,jln raya jatiwaringin no 2 pangkalan jati kalimalang Jakarta timur,Jakarta Timur,2023-04-11 06:22:00,2023-04-11 06:22:00,2
13,23,Toyota,HARRIER 2.4L 2WD AT,JEEP L.C.HDTP,SILVER,2006,automatic,Gasoline,5,2362,4,0,150000,B 2584 SXM,159000000,174000000,169000000.0,3549000.0,2026-09-26,2022-09-26,143000.0,4288900.0,ARJUNA MOTOR DEALER MOBIL BEKAS,jln raya jatiwaringin no 2 pangkalan jati kalimalang Jakarta timur,Jakarta Timur,2023-04-11 07:07:00,2023-04-11 07:07:00,2
14,30,Toyota,ESTIMA 2.4 2WD AT,MICRO/MINIBUS,HITAM,2007,automatic,Gasoline,5,2362,4,0,115000,B 2611 BBM,145000000,160000000,157000000.0,3297000.0,2025-11-03,2022-11-03,143000.0,3905700.0,ARJUNA MOTOR DEALER MOBIL BEKAS,jln raya jatiwaringin no 2 pangkalan jati kalimalang Jakarta timur,Jakarta Timur,2023-04-11 08:45:00,2023-04-11 08:45:00,2
15,174,Daihatsu,B401RS,MINIBUS,HITAM,2017,manual,Gasoline,5,1197,4,0,50000,B 2970 BOR,101000000,116000000,91000000.0,2388800.0,2027-07-26,2023-07-26,143000.0,2531800.0,ASHENA MOBILINDO,"Jl. Pahlawan Revolusi No.2, Pd. Bambu, Kec. Duren Sawit, Kota Jakarta Timur",Jakarta Timur,2023-04-16 15:34:00,2023-04-16 15:34:00,3
16,175,Daihatsu,AYLA12R,MINIBUS,HITAM,2018,automatic,Gasoline,5,1197,4,0,30000,B 2420 UKD,110000000,125000000,104000000.0,2184000.0,2023-07-02,2023-07-02,143000.0,2327000.0,ASHENA MOBILINDO,"Jl. Pahlawan Revolusi No.2, Pd. Bambu, Kec. Duren Sawit, Kota Jakarta Timur",Jakarta Timur,2023-04-16 15:40:00,2023-04-16 15:40:00,3
17,173,Honda,ACCORD CR2 2.4,SEDAN,PUTIH MUTIARA,2017,automatic,Gasoline,5,2354,4,0,70000,B 1434 BAH,305000000,320000000,444000000.0,9102000.0,2028-01-11,2024-01-11,143000.0,9245000.0,ASHENA MOBILINDO,"Jl. Pahlawan Revolusi No.2, Pd. Bambu, Kec. Duren Sawit, Kota Jakarta Timur",Jakarta Timur,2023-04-16 15:30:00,2023-04-16 15:30:00,3
18,172,Toyota,RUSH 1.5S,MINIBUS,PUTIH,2022,automatic,Gasoline,5,1496,4,0,10000,10000,237000000,252000000,215000000.0,5643800.0,2027-09-01,2023-09-01,143000.0,5786800.0,ASHENA MOBILINDO,"Jl. Pahlawan Revolusi No.2, Pd. Bambu, Kec. Duren Sawit, Kota Jakarta Timur",Jakarta Timur,2023-04-16 15:27:00,2023-04-16 15:27:00,3
19,176,Toyota,AGYA 1.2 G,MINIBUS,PUTIH,2019,manual,Gasoline,5,1197,4,0,40000,B 2835 UOC,114000000,130000000,108000000.0,2268000.0,2024-08-02,2023-08-02,143000.0,2411000.0,ASHENA MOBILINDO,"Jl. Pahlawan Revolusi No.2, Pd. Bambu, Kec. Duren Sawit, Kota Jakarta Timur",Jakarta Timur,2023-04-16 15:45:00,2023-04-16 15:45:00,3
20,94,Lexus,RX 300 LUXURY,JEEP S.C.HDTP,HITAM METALIK,2020,automatic,Gasoline,5,1998,4,0,9000,B 2831 BJC,1290000000,1360000000,1060000000.0,27825000.0,2026-11-08,2023-11-08,143000.0,27968000.0,BELLI AUTO CAR,"Pasar Mobil kemayoran Blok T no 8-9, RT.3/RW.6, Kemayoran, Kec. Kemayoran, Kota Jakarta Pusat",Jakarta Pusat,2023-04-13 05:37:00,2023-04-13 05:37:00,4
21,95,Honda,H MOBDD4 1.5,MINIBUS,HITAM MUTIARA,2016,automatic,Gasoline,5,1496,4,0,70000,B 2144 TKK,137000000,152000000,133000000.0,2793000.0,2026-09-08,2023-09-08,143000.0,2936000.0,BELLI AUTO CAR,"Pasar Mobil kemayoran Blok T no 8-9, RT.3/RW.6, Kemayoran, Kec. Kemayoran, Kota Jakarta Pusat",Jakarta Pusat,2023-04-13 05:44:00,2023-04-13 05:44:00,4
22,96,Toyota,KIJANG INNOVA2.0,MINIBUS,SILVER METALIK,2017,automatic,Gasoline,5,1998,4,0,39000,B 2922 BZA,288000000,303000000,275000000.0,5775000.0,2027-10-20,2023-10-20,143000.0,5918000.0,BELLI AUTO CAR,"Pasar Mobil kemayoran Blok T no 8-9, RT.3/RW.6, Kemayoran, Kec. Kemayoran, Kota Jakarta Pusat",Jakarta Pusat,2023-04-13 05:49:00,2023-04-13 05:49:00,4
23,160,Mazda,CX 5,SUV,PUIH METALIK,2014,automatic,Gasoline,5,2498,4,0,95000,B 1458 TYZ,287000000,277000000,265000000.0,5565000.0,2024-10-20,2024-10-20,153000.0,5718000.0,BEST MOBILINDO,"Jl. Industri Raya No.10, RW.10, Danau Sunter Dll, Kec. Pademangan, Kota Jkt Utara",Jakarta Utara,2023-04-15 21:08:00,2023-04-15 21:08:00,5
24,159,Toyota,KIJANG INNOVA G,Minibus,HITAM METALIK,2013,automatic,Gasoline,5,1998,4,0,128000,B 1115 URB,159000000,149000000,146000000.0,3066000.0,2023-12-02,2023-12-02,143000.0,3209000.0,BEST MOBILINDO,"Jl. Industri Raya No.10, RW.10, Danau Sunter Dll, Kec. Pademangan, Kota Jkt Utara",Jakarta Utara,2023-04-15 21:01:00,2023-04-15 21:01:00,5
25,162,Toyota,RUSH 1.5S,SUV,PUTIH,2021,automatic,Gasoline,5,1496,4,0,17000,B 2568 UOY,250000000,240000000,204000000.0,4284000.0,2026-04-12,2026-04-12,143000.0,4427000.0,BEST MOBILINDO,"Jl. Industri Raya No.10, RW.10, Danau Sunter Dll, Kec. Pademangan, Kota Jkt Utara",Jakarta Utara,2023-04-15 21:19:00,2023-04-15 21:19:00,5
26,171,Toyota,RUSH 1.5 S,SUV,HITAM METALIK,2019,automatic,Gasoline,5,1496,4,0,40000,B 2283 TYM,225000000,215000000,191000000.0,4011000.0,2024-04-15,2024-04-15,143000.0,4154000.0,BEST MOBILINDO,"Jl. Industri Raya No.10, RW.10, Danau Sunter Dll, Kec. Pademangan, Kota Jkt Utara",Jakarta Utara,2023-04-16 07:03:00,2023-04-16 07:03:00,5
27,158,Toyota,INNOVA G,Minibus,SILVER METALIK,2013,manual,Diesel,5,2494,4,0,98000,B 1195 BMR,220000000,210000000,175000000.0,5512500.0,2028-01-27,2028-01-27,153000.0,5665500.0,BEST MOBILINDO,"Jl. Industri Raya No.10, RW.10, Danau Sunter Dll, Kec. Pademangan, Kota Jkt Utara",Jakarta Utara,2023-04-15 20:56:00,2023-04-15 20:56:00,5
29,200,Mitsubishi,Xpander Cross Prem,SUV,ABU ABU TUA,2020,automatic,Gasoline,5,1499,4,0,16000,B 2465 BRG,275000000,235000000,205.0,5381300.0,2025-11-20,2025-11-20,143000.0,5524300.0,DANS MOBILINDO,"Bursa WTC Mangga Dua, Jl. Mangga Dua Raya No.8, RW.5, Ancol, Kec. Pademangan, Jkt Utara",Jakarta Utara,2023-04-16 22:18:00,2023-04-16 22:18:00,7
30,202,Mitsubishi,Mirage Exceed,Minibus,PUTIH METALIK,2013,automatic,Gasoline,5,1193,4,0,70000,B 1104 TRQ,110000000,99000000,97000000.0,2037000.0,2023-09-17,2023-09-17,143000.0,2180000.0,DANS MOBILINDO,"Bursa WTC Mangga Dua, Jl. Mangga Dua Raya No.8, RW.5, Ancol, Kec. Pademangan, Jkt Utara",Jakarta Utara,2023-04-16 22:35:00,2023-04-16 22:35:00,7
31,201,Honda,Jazz Rs,Minibus,ABU ABU METALIK,2013,automatic,Gasoline,5,1496,4,0,70000,B 2396 UBE,180000000,165000000,151000000.0,3171000.0,2023-06-03,2023-06-03,143000.0,3614000.0,DANS MOBILINDO,"Bursa WTC Mangga Dua, Jl. Mangga Dua Raya No.8, RW.5, Ancol, Kec. Pademangan, Jkt Utara",Jakarta Utara,2023-04-16 22:29:00,2023-04-16 22:29:00,7
32,113,Nissan,JUKE 1.5,MINIBUS,ABU ABU TUA METALIK,2014,automatic,Gasoline,5,1498,4,0,145000,B 1234 PFS,135000000,150000000,151000000.0,3171000.0,2025-02-26,2024-02-26,143000.0,3314000.0,DHL AUTOCARS,"Bursa Mobil, Mall WTC Matahari, Pd. Jagung, Kec. Serpong Utara, Kota Tangerang Selatan, Banten",Banten,2023-04-13 18:43:00,2023-04-13 18:43:00,8
33,112,Suzuki,AVI414F,MINIBUS,ABU ABU METALIK,2013,manual,Gasoline,5,1373,4,0,100000,B 1506 SYQ,115000000,130000000,100000000.0,2100000.0,2024-01-09,2024-01-09,143000.0,2243000.0,DHL AUTOCARS,"Bursa Mobil, Mall WTC Matahari, Pd. Jagung, Kec. Serpong Utara, Kota Tangerang Selatan, Banten",Banten,2023-04-13 18:39:00,2023-04-13 18:39:00,8
42,73,Toyota,Avanza G 2018,Minibus,ABU ABU METALIK,2018,manual,Gasoline,5,1329,4,0,57000,B 2816 PFP,150000000,160000000,147000000.0,3087000.0,2023-11-12,2023-11-12,143000.0,3230000.0,FAMILY MOTOR 1,"Jl. I Gusti Ngurah Rai No.9, RT.12/RW.5, Cipinang Muara, Kecamatan Jatinegara, Kota Jakarta Timur",Jakarta Timur,2023-04-12 12:35:00,2023-04-12 12:35:00,10
43,74,Toyota,Avanza Veloz,Minibus,SILVER METALIK,2017,automatic,Gasoline,5,1496,4,0,40000,B 1623 PIU,155000000,165000000,163000000.0,3423000.0,2027-10-18,2027-10-28,143000.0,3566000.0,FAMILY MOTOR 1,"Jl. I Gusti Ngurah Rai No.9, RT.12/RW.5, Cipinang Muara, Kecamatan Jatinegara, Kota Jakarta Timur",Jakarta Timur,2023-04-12 12:38:00,2023-04-12 12:38:00,10
44,75,Toyota,Calya G,Minibus,PUTIH,2021,automatic,Gasoline,5,1197,4,0,33000,B 2084 BRV,139000000,149000000,122000000.0,2562000.0,2026-07-27,2026-07-27,143000.0,3266200.0,FAMILY MOTOR 1,"Jl. I Gusti Ngurah Rai No.9, RT.12/RW.5, Cipinang Muara, Kecamatan Jatinegara, Kota Jakarta Timur",Jakarta Timur,2023-04-12 12:56:00,2023-04-12 12:56:00,10
45,123,Suzuki,APV GC 415V,MINIBUS,ABU ABU METALIK,2009,automatic,Gasoline,5,1493,4,0,110000,B 1250 SFH,85000000,100000000,91000000.0,1911000.0,2024-03-16,2024-03-16,143000.0,2054000.0,FARREL MOTOR,"Pondok kelapa 2 blok A 8 no.35 jakarta timur Jakarta, RT.2/RW.4, Pd. Klp., Kec. Duren Sawit, Kota Jakarta Timur",Jakarta Timur,2023-04-13 20:04:00,2023-04-13 20:04:00,11
46,124,Suzuki,GC415V APV,MINIBUS,HITAM METALIK,2010,automatic,Gasoline,5,1493,4,0,110000,B 1245 SKJ,90000000,105000000,97000000.0,2037000.0,2025-06-26,2023-06-26,143000.0,2180000.0,FARREL MOTOR,"Pondok kelapa 2 blok A 8 no.35 jakarta timur Jakarta, RT.2/RW.4, Pd. Klp., Kec. Duren Sawit, Kota Jakarta Timur",Jakarta Timur,2023-04-13 20:07:00,2023-04-13 20:07:00,11
47,122,Mitsubishi,XPANDER15LSPORT,MINIBUS,HITAM,2019,automatic,Gasoline,5,1499,4,0,55000,B 2139 SIB,210000000,225000000,187000000.0,3927000.0,2024-04-29,2022-04-29,143000.0,5112500.0,FARREL MOTOR,"Pondok kelapa 2 blok A 8 no.35 jakarta timur Jakarta, RT.2/RW.4, Pd. Klp., Kec. Duren Sawit, Kota Jakarta Timur",Jakarta Timur,2023-04-13 20:00:00,2023-04-13 20:00:00,11
48,121,Mitsubishi,PAJ SPO24L,JEEP L.C.HDTP,HITAM,2019,automatic,Diesel,5,2442,6,1,70000,B 1377 PJP,448000000,463000000,365000000.0,7665000.0,2024-06-16,2023-06-16,143000.0,7808000.0,FARREL MOTOR,"Pondok kelapa 2 blok A 8 no.35 jakarta timur Jakarta, RT.2/RW.4, Pd. Klp., Kec. Duren Sawit, Kota Jakarta Timur",Jakarta Timur,2023-04-13 19:56:00,2023-04-13 19:56:00,11
49,101,Honda,HONDAHRVRU518,MINIBUS,ABU ABU METALIK,2017,automatic,Gasoline,5,1799,4,0,35000,B 2747 SZR,265000000,280000000,277000000.0,5817000.0,2028-02-13,2024-02-13,143000.0,5960000.0,FAVOR AUTO,"bella terra, Klp. Gading Bar., Kec. Klp. Gading, Jkt Utara",Jakarta Utara,2023-04-13 06:47:00,2023-04-13 06:47:00,12
50,102,Toyota,VOXY20,MINIBUS,HITAM COKLAT,2018,automatic,Diesel,5,1987,4,0,59000,B 2481 BZX,368000000,383000000,349000000.0,7329000.0,2023-06-05,2023-06-05,143000.0,7772000.0,FAVOR AUTO,"bella terra, Klp. Gading Bar., Kec. Klp. Gading, Jkt Utara",Jakarta Utara,2023-04-13 06:52:00,2023-04-13 06:52:00,12
51,108,Datsun,Go Panca,MINIBUS,SILVER METALIK,2014,automatic,Gasoline,5,1198,4,0,49000,B 2194 UGY,125000000,140000000,72000000.0,1512000.0,2028-01-12,2024-01-12,143000.0,1655000.0,FORESTA MOTOR,"RT.001/RW.013, Panunggangan Bar., Kec. Cibodas, Kota Tangerang, Banten",Banten,2023-04-13 17:57:00,2023-04-13 17:57:00,13
52,110,Suzuki,ARK415F GX,MINIBUS,ABU ABU METALIK,2019,automatic,Gasoline,5,1462,4,0,50000,B 2792 TYK,180000000,195000000,168000000.0,3528000.0,2024-03-29,2023-03-29,143000.0,3671000.0,FORESTA MOTOR,"RT.001/RW.013, Panunggangan Bar., Kec. Cibodas, Kota Tangerang, Banten",Banten,2023-04-13 18:05:00,2023-04-13 18:05:00,13
53,109,Honda,HONDAHRVRU115,MINIBUS,HITAM MUTIARA,2015,automatic,Gasoline,5,1497,4,0,76000,B 2035 BFD,195000000,210000000,199000000.0,4179000.0,2025-05-12,2023-05-12,143000.0,4322000.0,FORESTA MOTOR,"RT.001/RW.013, Panunggangan Bar., Kec. Cibodas, Kota Tangerang, Banten",Banten,2023-04-13 18:01:00,2023-04-13 18:01:00,13
54,111,Honda,JAZZ GK5 15RS,MINIBUS,KUNING MUTIARA,2016,automatic,Gasoline,5,1496,4,0,57000,B 2285 PBT,195000000,210000000,185000000.0,3885000.0,2027-10-20,2023-10-20,143000.0,4028000.0,FORESTA MOTOR,"RT.001/RW.013, Panunggangan Bar., Kec. Cibodas, Kota Tangerang, Banten",Banten,2023-04-13 18:12:00,2023-04-13 18:12:00,13
55,44,Mazda,3 5 HB 6E,MINIBUS,HITAM METALIK,2016,automatic,Gasoline,5,1998,4,0,55000,B 2713 BYI,340000000,360000000,273000000.0,5733000.0,2023-10-22,2023-10-22,143000.0,5876000.0,GARAGE 88,"Jl.Radio 1 No.19, Kebayoran Baru, Jakarta Selatan",Jakarta Selatan,2023-04-11 17:50:00,2023-04-11 17:50:00,14
56,57,BMW,320I,SEDAN,PUTIH METALIK,2015,automatic,Gasoline,5,1997,4,0,38000,B 1671 TBE,360000000,375000000,455000000.0,11659400.0,2026-11-15,2023-11-15,143000.0,11802400.0,GARAGE 88,"Jl.Radio 1 No.19, Kebayoran Baru, Jakarta Selatan",Jakarta Selatan,2023-04-11 19:35:00,2023-04-11 19:35:00,14
57,48,Nissan,NEW TERRAE2.5,JEEP L.C.HDTP,PUTIH,2019,automatic,Gasoline,5,2488,4,1,44000,B 2398 SJC,340000000,355000000,353000000.0,7413000.0,2025-07-09,2023-07-09,143000.0,7556000.0,GARAGE 88,"Jl.Radio 1 No.19, Kebayoran Baru, Jakarta Selatan",Jakarta Selatan,2023-04-11 18:31:00,2023-04-11 18:31:00,14
58,52,Nissan,LIVINA EL 1.5,MINIBUS,PUTIH,2019,automatic,Gasoline,5,1499,4,0,74000,B 2291 SIA,178000000,193000000,173000000.0,3633000.0,2024-04-13,2024-04-13,143000.0,3776000.0,GARAGE 88,"Jl.Radio 1 No.19, Kebayoran Baru, Jakarta Selatan",Jakarta Selatan,2023-04-11 19:01:00,2023-04-11 19:01:00,14
59,64,Nissan,SERENA2.0HWSTAR,MINIBUS,SILVER METALIK,2013,automatic,Gasoline,5,1997,4,0,125000,B 2979 UBD,158000000,173000000,145000000.0,3045000.0,2028-04-08,2024-04-08,143000.0,3188000.0,GARAGE 88,"Jl.Radio 1 No.19, Kebayoran Baru, Jakarta Selatan",Jakarta Selatan,2023-04-11 20:19:00,2023-04-11 20:19:00,14
60,66,Nissan,JUKE 1.5,MINIBUS,MERAH,2018,automatic,Gasoline,5,1498,4,0,95000,B 2036 BYA,178000000,193000000,184000000.0,3864000.0,2023-07-13,2023-07-13,143000.0,4007000.0,GARAGE 88,"Jl.Radio 1 No.19, Kebayoran Baru, Jakarta Selatan",Jakarta Selatan,2023-04-11 20:29:00,2023-04-11 20:29:00,14
61,45,Mitsubishi,OUTL SP2.0L GLS4X2,JEEP L.C.HDTP,PUTIH METALIK,2013,automatic,Gasoline,5,1998,4,0,140000,B 1195 PJG,140000000,150000000,118000000.0,2478000.0,2023-08-24,2023-08-24,143000.0,2621000.0,GARAGE 88,"Jl.Radio 1 No.19, Kebayoran Baru, Jakarta Selatan",Jakarta Selatan,2023-04-11 18:01:00,2023-04-11 18:01:00,14
62,54,Mitsubishi,XPANDER15LSPORT,MINIBUS,PUTIH,2018,automatic,Gasoline,5,1499,4,0,60000,B 2253 SZU,205000000,220000000,179000000.0,3759000.0,2028-03-21,2024-03-21,143000.0,3902000.0,GARAGE 88,"Jl.Radio 1 No.19, Kebayoran Baru, Jakarta Selatan",Jakarta Selatan,2023-04-11 19:15:00,2023-04-11 19:15:00,14
63,49,Daihatsu,TERIOS F700RG,MINIBUS,SILVER METALIK,2012,automatic,Gasoline,5,1495,4,0,107000,B 2100 TVI,123000000,138000000,110000000.0,2887500.0,2027-11-02,2023-11-02,143000.0,3030500.0,GARAGE 88,"Jl.Radio 1 No.19, Kebayoran Baru, Jakarta Selatan",Jakarta Selatan,2023-04-11 18:41:00,2023-04-11 18:41:00,14
64,47,Honda,ACCORD CP2 2.4,SEDAN,ABU ABU METALIK,2013,automatic,Gasoline,5,2354,4,0,82000,B 2704 STJ,205000000,220000000,253000000.0,5186500.0,2023-11-29,2023-11-29,143000.0,5329500.0,GARAGE 88,"Jl.Radio 1 No.19, Kebayoran Baru, Jakarta Selatan",Jakarta Selatan,2023-04-11 18:23:00,2023-04-11 18:23:00,14
65,53,Honda,BRIO SATYA1.2,MINIBUS,MERAH,2016,automatic,Gasoline,5,1198,4,0,30000,B 2313 TKW,127000000,142000000,111000000.0,2331000.0,2027-01-12,2024-01-12,143000.0,2474000.0,GARAGE 88,"Jl.Radio 1 No.19, Kebayoran Baru, Jakarta Selatan",Jakarta Selatan,2023-04-11 19:07:00,2023-04-11 19:07:00,14
66,55,Honda,JAZZ GK5 15RS,MINIBUS,PUTIH METALIK,2014,automatic,Gasoline,5,1496,4,0,93000,B 1979 BIQ,178000000,193000000,171000000.0,3591000.0,2024-12-30,2023-12-30,143000.0,3734000.0,GARAGE 88,"Jl.Radio 1 No.19, Kebayoran Baru, Jakarta Selatan",Jakarta Selatan,2023-04-11 19:23:00,2023-04-11 19:23:00,14
67,58,Honda,CR-V 2.0,JEEP S.C.HDTP,HITAM MUTIARA,2018,automatic,Gasoline,5,1997,4,0,60000,B 1422 UJS,323000000,338000000,322000000.0,6762000.0,2024-01-09,2024-01-09,143000.0,6905000.0,GARAGE 88,"Jl.Radio 1 No.19, Kebayoran Baru, Jakarta Selatan",Jakarta Selatan,2023-04-11 19:44:00,2023-04-11 19:44:00,14
68,59,Honda,CRV RE1 2WD2.4,JEEP S.C.HDTP,HITAM MUTIARA,2011,automatic,Gasoline,5,2354,4,0,125000,B 1966 TCY,145000000,160000000,165000000.0,3465000.0,2026-04-12,2023-04-12,143000.0,3608000.0,GARAGE 88,"Jl.Radio 1 No.19, Kebayoran Baru, Jakarta Selatan",Jakarta Selatan,2023-04-11 19:53:00,2023-04-11 19:53:00,14
69,60,Honda,CRV RM3,JEEP L.C.HDTP,COKLAT METALIK,2015,automatic,Gasoline,5,2354,4,0,115000,B 1930 PJI,262000000,277000000,297000000.0,6237000.0,2025-05-26,2023-05-26,143000.0,6380000.0,GARAGE 88,"Jl.Radio 1 No.19, Kebayoran Baru, Jakarta Selatan",Jakarta Selatan,2023-04-11 19:58:00,2023-04-11 19:58:00,14
70,62,Honda,CRV RM1 2WD2.0,JEEP S.C.HDTP,PUTIH,2012,automatic,Gasoline,5,1997,4,0,63000,B 2027 BBQ,185000000,200000000,169000000.0,3549000.0,2027-10-24,2023-10-24,143000.0,3692000.0,GARAGE 88,"Jl.Radio 1 No.19, Kebayoran Baru, Jakarta Selatan",Jakarta Selatan,2023-04-11 20:08:00,2023-04-11 20:08:00,14
71,63,Honda,BRIOSATYADD1 12E,MINIBUS,MERAH,2015,manual,Gasoline,5,1198,4,0,74000,B 2315 SFG,110000000,125000000,91000000.0,2866500.0,2025-03-11,2024-03-11,143000.0,3009500.0,GARAGE 88,"Jl.Radio 1 No.19, Kebayoran Baru, Jakarta Selatan",Jakarta Selatan,2023-04-11 20:13:00,2023-04-11 20:13:00,14
72,46,Toyota,FORTUNER2.7SRZ,JEEP L.C.HDTP,HITAM METALIK,2018,automatic,Gasoline,5,2694,4,0,98000,B 2951 SXW,385000000,400000000,409000000.0,8589000.0,2026-04-10,2024-04-10,143000.0,8732000.0,GARAGE 88,"Jl.Radio 1 No.19, Kebayoran Baru, Jakarta Selatan",Jakarta Selatan,2023-04-11 18:13:00,2023-04-11 18:13:00,14
73,50,Toyota,RUSH 1.5 G,MINIBUS,HITAM,2019,automatic,Gasoline,5,1496,4,0,73000,B 2297 PKC,205000000,220000000,187000000.0,3927000.0,2024-07-10,2023-07-10,143000.0,4070000.0,GARAGE 88,"Jl.Radio 1 No.19, Kebayoran Baru, Jakarta Selatan",Jakarta Selatan,2023-04-11 18:47:00,2023-04-11 18:47:00,14
74,51,Toyota,INNOVA VENTURER2.0,MINIBUS,PUTIH,2017,automatic,Gasoline,5,1998,4,0,118500,B 1307 PIR,295000000,310000000,284000000.0,5964000.0,2027-09-07,2023-09-07,143000.0,6107000.0,GARAGE 88,"Jl.Radio 1 No.19, Kebayoran Baru, Jakarta Selatan",Jakarta Selatan,2023-04-11 18:54:00,2023-04-11 18:54:00,14
75,56,Toyota,CAMRY 2.5G,SEDAN,HITAM METALIK,2017,automatic,Gasoline,5,2494,4,0,78000,B 1014 PAI,240000000,255000000,336000000.0,6888000.0,2027-06-13,2023-06-13,143.0,7031000.0,GARAGE 88,"Jl.Radio 1 No.19, Kebayoran Baru, Jakarta Selatan",Jakarta Selatan,2023-04-11 19:30:00,2023-04-11 19:30:00,14
76,61,Toyota,SIENTA 1.5,MINIBUS,PUTIH,2018,automatic,Gasoline,5,1496,4,0,95000,B 2693 TZI,180000000,195000000,190000000.0,3990000.0,2028-04-06,2024-04-06,143000.0,4133000.0,GARAGE 88,"Jl.Radio 1 No.19, Kebayoran Baru, Jakarta Selatan",Jakarta Selatan,2023-04-11 20:03:00,2023-04-11 20:03:00,14
77,65,Toyota,COROLA ALTIS 1.8V,SEDAN,HITAM METALIK,2019,automatic,Gasoline,5,1798,4,0,46000,B 1420 SAQ,350000000,365000000,359000000.0,7359500.0,2025-01-10,2024-01-10,143000.0,7502500.0,GARAGE 88,"Jl.Radio 1 No.19, Kebayoran Baru, Jakarta Selatan",Jakarta Selatan,2023-04-11 20:24:00,2023-04-11 20:24:00,14
78,98,Mercedes Benz,SLK250,SEDAN,PUTIH,2012,automatic,Gasoline,3,1796,4,0,35000,B 1516 PAI,675000000,690000000,601000000.0,12320500.0,2023-05-17,2023-05-17,143000.0,12763500.0,GARASI MOBILKU,"Jl. Gading Serpong Boulevard, Pakulonan Bar., Kec. Klp. Dua, Kabupaten Tangerang, Banten",Banten,2023-04-13 06:18:00,2023-04-13 06:18:00,15
79,99,Mitsubishi,XPANDER15LULT,MINIBUS,HITAM,2019,automatic,Gasoline,5,1499,4,0,16000,B 2803 UOL,230000000,245000000,194000000.0,4074000.0,2025-01-10,2024-01-10,143000.0,4217000.0,GARASI MOBILKU,"Jl. Gading Serpong Boulevard, Pakulonan Bar., Kec. Klp. Dua, Kabupaten Tangerang, Banten",Banten,2023-04-13 06:22:00,2023-04-13 06:22:00,15
80,145,Daihatsu,XEN13XMT,MINIBUS,ABU ABU METALIK,2018,automatic,Gasoline,5,1329,4,0,40000,B 2517 BZY,133000000,148000000,131000000.0,2751000.0,2023-06-28,2023-06-28,143000.0,2894000.0,HANS MOTOR,"Ruko WR, Jl. Imam Bonjol Blok A No.11-12, RT.002/RW.003, Sukajadi, Kec. Karawaci, Kota Tangerang, Banten 15115",Banten,2023-04-15 12:06:00,2023-04-15 12:06:00,16
81,146,Daihatsu,LUXIO 1.5,MINIBUS,SILVER METALIK,2009,automatic,Gasoline,5,1495,4,0,115000,B 1430 TFY,99000000,114000000,81000000.0,1701000.0,2025-02-09,2024-02-09,143000.0,1844000.0,HANS MOTOR,"Ruko WR, Jl. Imam Bonjol Blok A No.11-12, RT.002/RW.003, Sukajadi, Kec. Karawaci, Kota Tangerang, Banten 15115",Banten,2023-04-15 12:14:00,2023-04-15 12:14:00,16
82,148,Daihatsu,F651RV,MINIBUS,HITAM METALIK,2013,manual,Gasoline,5,1298,4,0,70000,B 1773 BRV,99000000,114000000,97000000.0,2037000.0,2023-08-15,2023-08-15,143000.0,2180000.0,HANS MOTOR,"Ruko WR, Jl. Imam Bonjol Blok A No.11-12, RT.002/RW.003, Sukajadi, Kec. Karawaci, Kota Tangerang, Banten 15115",Banten,2023-04-15 12:22:00,2023-04-15 12:22:00,16
83,147,Honda,H MOBDD4 1.5,MINIBUS,HITAM METALIK,2014,automatic,Gasoline,5,2014,4,0,75000,B 2016 BBJ,119000000,134000000,113000000.0,2373000.0,2024-05-30,2023-05-30,143000.0,2516000.0,HANS MOTOR,"Ruko WR, Jl. Imam Bonjol Blok A No.11-12, RT.002/RW.003, Sukajadi, Kec. Karawaci, Kota Tangerang, Banten 15115",Banten,2023-04-15 12:18:00,2023-04-15 12:18:00,16
84,150,Honda,BRIO SATYA1.2,MINIBUS,HITAM MUTIARA,2020,automatic,Gasoline,5,1198,4,0,75000,B 2319 TIS,152000000,167000000,123000000.0,2583000.0,2025-03-16,2024-03-16,143000.0,2726000.0,HANS MOTOR,"Ruko WR, Jl. Imam Bonjol Blok A No.11-12, RT.002/RW.003, Sukajadi, Kec. Karawaci, Kota Tangerang, Banten 15115",Banten,2023-04-15 12:36:00,2023-04-15 12:36:00,16
85,177,Toyota,RUSH 1.5S,MINIBUS,HITAM METALIK,2020,automatic,Gasoline,5,1496,4,0,30000,B 2864 BRE,223000000,238000000,200000000.0,4200000.0,2025-09-29,2023-09-29,143000.0,4343000.0,JUARA MOBIL,"Bursa Mobil Bekas Tems Grand ITC Permata Hijau Lantai 5 Lot B.8, Jl. Arteri Permata Hijau No.11, RT.11/RW.10, Grogol Utara, Kec. Kby. Lama",Jakarta Selatan,2023-04-16 16:09:00,2023-04-16 16:09:00,17
86,142,Mazda,BIANTE 2.0L,MINIBUS,PUTIH METALIK,2015,automatic,Gasoline,5,1999,4,0,55000,B 2924 BFS,192000000,207000000,212000000.0,4452000.0,2025-12-28,2023-12-28,143000.0,4595000.0,KING AUTO CARS,"Jl. Pahlawan Revolusi No.6, RT.6/RW.12, Pd. Bambu, Kec. Duren Sawit, Kota Jakarta Timur",Jakarta Timur,2023-04-15 04:34:00,2023-04-15 04:34:00,18
87,140,Daihatsu,B401RS,MINIBUS,HITAM,2019,automatic,Gasoline,5,1197,4,0,25000,B 2206 TYH,122000000,137000000,109000000.0,109000000.0,2024-02-12,2024-02-12,143000.0,2432000.0,KING AUTO CARS,"Jl. Pahlawan Revolusi No.6, RT.6/RW.12, Pd. Bambu, Kec. Duren Sawit, Kota Jakarta Timur",Jakarta Timur,2023-04-15 04:17:00,2023-04-15 04:17:00,18
88,141,Toyota,NEW AVANZ VELOZ1.5,MINIBUS,SILVER METALIK,2013,automatic,Gasoline,4,1495,4,0,95000,B 1398 PZH,120000000,135000000,129000000.0,2709000.0,2028-04-26,2024-04-26,143000.0,2852000.0,KING AUTO CARS,"Jl. Pahlawan Revolusi No.6, RT.6/RW.12, Pd. Bambu, Kec. Duren Sawit, Kota Jakarta Timur",Jakarta Timur,2023-04-15 04:22:00,2023-04-15 04:22:00,18
89,90,Hyundai,I-20,MINIBUS,MERAH,2010,automatic,Gasoline,5,1396,4,0,100000,B 1849 TKP,85000000,100000000,88000000.0,3234000.0,2025-11-16,2023-11-16,143000.0,3377000.0,MAJU JAYA MOTOR,"JL. Mangga Dua Raya, No. 8, RW.5, Ancol, Kec. Pademangan, Jkt Utara",Jakarta Utara,2023-04-13 04:38:00,2023-04-13 04:38:00,19
90,93,BMW,320I,SEDAN,PUTIH METALIK,2014,automatic,Gasoline,5,1997,4,0,42000,B 1846 UAE,338000000,353000000,337000000.0,6908500.0,2024-09-09,2023-09-09,143000.0,7051500.0,MAJU JAYA MOTOR,"JL. Mangga Dua Raya, No. 8, RW.5, Ancol, Kec. Pademangan, Jkt Utara",Jakarta Utara,2023-04-13 04:52:00,2023-04-13 04:52:00,19
91,91,Nissan,JUKE 1.5,MINIBUS,PUTIH,2016,automatic,Gasoline,5,1498,4,0,80000,B 1719 SZV,168000000,183000000,167000000.0,4383800.0,2027-09-26,2023-09-26,143000.0,4526800.0,MAJU JAYA MOTOR,"JL. Mangga Dua Raya, No. 8, RW.5, Ancol, Kec. Pademangan, Jkt Utara",Jakarta Utara,2023-04-13 04:43:00,2023-04-13 04:43:00,19
92,88,Suzuki,ARK415F GT,MINIBUS,ABU ABU METALIK,2019,automatic,Gasoline,5,1462,4,0,25000,B 2659 BIQ,189000000,204000000,189000000.0,3969000.0,2024-11-21,2023-11-21,143000.0,4112000.0,MAJU JAYA MOTOR,"JL. Mangga Dua Raya, No. 8, RW.5, Ancol, Kec. Pademangan, Jkt Utara",Jakarta Utara,2023-04-13 04:27:00,2023-04-13 04:27:00,19
93,92,Mitsubishi,XPANDER15LGLS,MINIBUS,SILVER METALIK,2019,automatic,Gasoline,5,1499,4,0,30000,B 2746 SIV,175000000,190000000,165000000.0,3465000.0,2024-12-14,2023-12-14,143000.0,3608000.0,MAJU JAYA MOTOR,"JL. Mangga Dua Raya, No. 8, RW.5, Ancol, Kec. Pademangan, Jkt Utara",Jakarta Utara,2023-04-13 04:48:00,2023-04-13 04:48:00,19
94,89,Daihatsu,AYLA1.0M,MINIBUS,ABU ABU METALIK,2018,automatic,Gasoline,5,998,3,0,17000,B 2139 BYB,95000000,110000000,85000000.0,1785000.0,2023-07-24,2023-07-24,143000.0,1928000.0,MAJU JAYA MOTOR,"JL. Mangga Dua Raya, No. 8, RW.5, Ancol, Kec. Pademangan, Jkt Utara",Jakarta Utara,2023-04-13 04:34:00,2023-04-13 04:34:00,19
95,85,Honda,H MOBDD4 1.5,MINIBUS,ABU ABU METALIK,2014,automatic,Gasoline,5,1496,4,0,54000,B 1484 TIE,128000000,143000000,113000000.0,2373000.0,2024-12-05,2023-12-05,143000.0,2516000.0,MAJU JAYA MOTOR,"JL. Mangga Dua Raya, No. 8, RW.5, Ancol, Kec. Pademangan, Jkt Utara",Jakarta Utara,2023-04-13 04:01:00,2023-04-13 04:01:00,19
96,87,Toyota,ALPHARD 2.4X,MINIBUS,SILVER METALIK,2012,automatic,Gasoline,5,2362,4,0,65000,B 1175 PON,248000000,263000000,270000000.0,5670000.0,2027-06-13,2023-06-13,143000.0,5813000.0,MAJU JAYA MOTOR,"JL. Mangga Dua Raya, No. 8, RW.5, Ancol, Kec. Pademangan, Jkt Utara",Jakarta Utara,2023-04-13 04:17:00,2023-04-13 04:17:00,19
97,86,Isuzu,TBR 54F TURBO LV,MINIBUS,SILVER METALIK,2012,manual,Diesel,4,2499,4,1,80000,B 1754 UOO,138000000,153000000,121000000.0,2541000.0,2027-04-18,2024-04-18,153000.0,2694000.0,MAJU JAYA MOTOR,"JL. Mangga Dua Raya, No. 8, RW.5, Ancol, Kec. Pademangan, Jkt Utara",Jakarta Utara,2023-04-13 04:10:00,2023-04-13 04:10:00,19
98,143,Wuling,ALMAZ1.5S,MINIBUS,PUTIH,2021,automatic,Gasoline,5,1451,4,0,25000,B 2305 SRX,214999000,229999000,206000000.0,5407500.0,2026-07-05,2023-07-05,143000.0,5550500.0,Martak Auto Boutique,"Jl Pahlawan Revolusi no 39A, Pondok Bambu Jakarta Timur",Jakarta Timur,2023-04-15 11:31:00,2023-04-15 11:31:00,20
99,144,Toyota,COROLA ALTIS 1.8V,SEDAN,HITAM METALIK,2020,automatic,Gasoline,5,1798,4,0,16000,B 1372 TAH,399900000,400000000,373000000.0,7646500.0,2025-12-08,2023-12-08,143000.0,7789500.0,Martak Auto Boutique,"Jl Pahlawan Revolusi no 39A, Pondok Bambu Jakarta Timur",Jakarta Timur,2023-04-15 11:39:00,2023-04-15 11:39:00,20
100,12,Mitsubishi,Outlander Sport PX 2.0,SUV,HITAM,2017,automatic,Gasoline,5,1998,4,0,57000,B 1928 UJP,235000000,255000000,239000000.0,5019000.0,2027-11-28,2027-11-28,143000.0,5162000.0,Mirza Mobil,"Jl. I Gusti Ngurah Rai Jl. Kp. Sumur Utara No.80-81, RT.15/RW.17, Klender, Kec. Duren Sawit, Kota Jakarta Timur",Jakarta Timur,2023-04-07 15:16:00,2023-04-07 15:16:00,21
101,6,Daihatsu,Gran Max D 1.3,Minibus,Silver Metalik,2017,automatic,Gasoline,5,1298,3,0,178000,B 2608 UFH,107500000,115000000,102000000.0,2142000.0,2027-06-13,2027-06-13,143000.0,2285000.0,Mirza Mobil,"Jl. I Gusti Ngurah Rai Jl. Kp. Sumur Utara No.80-81, RT.15/RW.17, Klender, Kec. Duren Sawit, Kota Jakarta Timur",Jakarta Timur,2023-04-07 14:36:00,2023-04-07 14:36:00,21
102,8,Daihatsu,Sigra X 1.2,Minibus,Silver Metalik,2018,automatic,Gasoline,5,1197,4,0,61000,B 2610 PFG,115000000,1225000000,101000000.0,2121000.0,2023-05-11,2023-05-11,143.0,2564000.0,Mirza Mobil,"Jl. I Gusti Ngurah Rai Jl. Kp. Sumur Utara No.80-81, RT.15/RW.17, Klender, Kec. Duren Sawit, Kota Jakarta Timur",Jakarta Timur,2023-04-07 14:49:00,2023-04-07 14:49:00,21
103,11,Daihatsu,Gran Max D 1.5,Minibus,Silver Metalik,2019,manual,Gasoline,5,1495,4,0,80000,B 2253 UKZ,132500000,142500000,128000000.0,2688000.0,2024-06-12,2024-06-12,143000.0,2831000.0,Mirza Mobil,"Jl. I Gusti Ngurah Rai Jl. Kp. Sumur Utara No.80-81, RT.15/RW.17, Klender, Kec. Duren Sawit, Kota Jakarta Timur",Jakarta Timur,2023-04-07 15:06:00,2023-04-07 15:06:00,21
104,14,Daihatsu,Sigra R Deluxe 1.2,Minibus,Silver Metalik,2017,manual,Gasoline,5,1197,4,0,94000,B 2359 SZD,109500000,117000000,91000000.0,1911000.0,2027-08-19,2027-08-19,143000.0,2054000.0,Mirza Mobil,"Jl. I Gusti Ngurah Rai Jl. Kp. Sumur Utara No.80-81, RT.15/RW.17, Klender, Kec. Duren Sawit, Kota Jakarta Timur",Jakarta Timur,2023-04-07 16:31:00,2023-04-07 16:31:00,21
105,15,Daihatsu,Gran Max D Front Facing 1.3,Minibus,PUTIH,2018,manual,Gasoline,5,1298,4,0,138000,B 2819 BYE,115000000,125000000,96000000.0,2016000.0,2023-09-05,2023-09-05,143000.0,2159000.0,Mirza Mobil,"Jl. I Gusti Ngurah Rai Jl. Kp. Sumur Utara No.80-81, RT.15/RW.17, Klender, Kec. Duren Sawit, Kota Jakarta Timur",Jakarta Timur,2023-04-07 17:04:00,2023-04-07 17:04:00,21
106,32,Daihatsu,Gran Max D 1.5,Minibus,SILVER METALIK,2016,manual,Gasoline,5,1495,4,0,103000,B 2638 BKD,107500000,115000000,103000000.0,2163000.0,2026-05-16,2026-12-05,143000.0,2306000.0,Mirza Mobil,"Jl. I Gusti Ngurah Rai Jl. Kp. Sumur Utara No.80-81, RT.15/RW.17, Klender, Kec. Duren Sawit, Kota Jakarta Timur",Jakarta Timur,2023-04-11 11:44:00,2023-04-11 11:44:00,21
107,35,Daihatsu,Sigra X 1.2,Minibus,HITAM,2016,automatic,Gasoline,5,1197,4,0,135000,B 1573 PYX,105000000,112000000,88000000.0,1848000.0,2026-11-07,2026-11-07,143.0,1991000.0,Mirza Mobil,"Jl. I Gusti Ngurah Rai Jl. Kp. Sumur Utara No.80-81, RT.15/RW.17, Klender, Kec. Duren Sawit, Kota Jakarta Timur",Jakarta Timur,2023-04-11 12:14:00,2023-04-11 12:14:00,21
108,70,Daihatsu,Gran Max D Front Facing 1.3,Minibus,SILVER METALIK,2018,manual,Gasoline,5,1298,4,0,106000,B 2799 BYA,115000000,125000000,96000000.0,2016000.0,2023-07-23,2023-07-23,143.0,2159000.0,Mirza Mobil,"Jl. I Gusti Ngurah Rai Jl. Kp. Sumur Utara No.80-81, RT.15/RW.17, Klender, Kec. Duren Sawit, Kota Jakarta Timur",Jakarta Timur,2023-04-12 08:13:00,2023-04-12 08:13:00,21
109,71,Daihatsu,Great New Xenia R Sporty 1.3,Minibus,SILVER METALIK,2017,manual,Gasoline,5,1329,4,0,67000,B 1274 PIU,148000000,158000000,129000000.0,2709000.0,2027-10-13,2027-10-13,143000.0,2852000.0,Mirza Mobil,"Jl. I Gusti Ngurah Rai Jl. Kp. Sumur Utara No.80-81, RT.15/RW.17, Klender, Kec. Duren Sawit, Kota Jakarta Timur",Jakarta Timur,2023-04-12 08:18:00,2023-04-12 08:18:00,21
110,13,Honda,Jazz S CVT 1.5,Minibus,HITAM MUTIARA,2018,automatic,Gasoline,5,1496,4,0,59000,B 2561 PFK,185500000,198000000,181000000.0,3801000.0,2023-08-01,2023-08-01,143000.0,3944000.0,Mirza Mobil,"Jl. I Gusti Ngurah Rai Jl. Kp. Sumur Utara No.80-81, RT.15/RW.17, Klender, Kec. Duren Sawit, Kota Jakarta Timur",Jakarta Timur,2023-04-07 15:39:00,2023-04-07 15:39:00,21
111,33,Honda,Mobilio E CVT 1.5,Minibus,MERAH METALIK,2016,automatic,Gasoline,5,1496,4,0,116000,B 2196 SKV,142000000,152000000,133000000.0,2793000.0,2026-07-30,2026-07-30,143000.0,2936000.0,Mirza Mobil,"Jl. I Gusti Ngurah Rai Jl. Kp. Sumur Utara No.80-81, RT.15/RW.17, Klender, Kec. Duren Sawit, Kota Jakarta Timur",Jakarta Timur,2023-04-11 12:02:00,2023-04-11 12:02:00,21
112,4,Toyota,Calya G 1.2,Minibus,Silver Metalik,2017,automatic,Gasoline,5,1200,4,0,144000,B 2997 TOG,117000000,127000000,11300000.0,2373000.0,2027-05-12,2027-05-12,143000.0,2516046.0,Mirza Mobil,"Jl. I Gusti Ngurah Rai Jl. Kp. Sumur Utara No.80-81, RT.15/RW.17, Klender, Kec. Duren Sawit, Kota Jakarta Timur",Jakarta Timur,2023-04-07 14:09:00,2023-04-07 14:09:00,21
113,5,Toyota,Grand Avanza G 1.3,Minibus,Silver Metalik,2019,manual,Gasoline,5,1300,4,0,102000,B 2768 SIU,170000000,180000000,152000000.0,3192000.0,2024-12-04,2024-12-04,143000.0,3724200.0,Mirza Mobil,"Jl. I Gusti Ngurah Rai Jl. Kp. Sumur Utara No.80-81, RT.15/RW.17, Klender, Kec. Duren Sawit, Kota Jakarta Timur",Jakarta Timur,2023-04-07 14:21:00,2023-04-07 14:21:00,21
114,7,Toyota,Grand New Avanza Veloz 1.5,Minibus,Silver Metalik,2017,automatic,Gasoline,5,1496,4,0,85000,B 1837 PIU,165000000,177500000,163000000.0,163000000.0,2027-10-21,2027-10-21,143000.0,3566000.0,Mirza Mobil,"Jl. I Gusti Ngurah Rai Jl. Kp. Sumur Utara No.80-81, RT.15/RW.17, Klender, Kec. Duren Sawit, Kota Jakarta Timur",Jakarta Timur,2023-04-07 14:44:00,2023-04-07 14:44:00,21
115,9,Toyota,Calya G 1.2,Minibus,Silver Metalik,2008,automatic,Gasoline,5,1197,4,0,103000,B 2005 SZS,122000000,132000000,115000000.0,2415000.0,2024-02-21,2024-02-21,143.0,2558000.0,Mirza Mobil,"Jl. I Gusti Ngurah Rai Jl. Kp. Sumur Utara No.80-81, RT.15/RW.17, Klender, Kec. Duren Sawit, Kota Jakarta Timur",Jakarta Timur,2023-04-07 14:55:00,2023-04-07 14:55:00,21
116,10,Toyota,Grand New Avanza G 1.3,Minibus,HITAM METALIK,2018,manual,Gasoline,5,1329,4,0,122000,B 2783 PFS,157500000,1675000000,147000000.0,3087000.0,2024-01-11,2024-01-11,143000.0,3230000.0,Mirza Mobil,"Jl. I Gusti Ngurah Rai Jl. Kp. Sumur Utara No.80-81, RT.15/RW.17, Klender, Kec. Duren Sawit, Kota Jakarta Timur",Jakarta Timur,2023-04-07 15:01:00,2023-04-07 15:01:00,21
117,16,Toyota,Grand New Avanza G 1.3,Minibus,HITAM METALIK,2017,manual,Gasoline,5,1329,4,0,92000,B 1328 PIP,150000000,160000000,143000000.0,3003000.0,2027-08-09,2027-08-09,143000.0,3146000.0,Mirza Mobil,"Jl. I Gusti Ngurah Rai Jl. Kp. Sumur Utara No.80-81, RT.15/RW.17, Klender, Kec. Duren Sawit, Kota Jakarta Timur",Jakarta Timur,2023-04-07 17:11:00,2023-04-07 17:11:00,21
118,31,Toyota,Kijang Innova Reborn G 2.0,Minibus,PUTIH,2018,automatic,Gasoline,5,1998,4,0,98000,B 2420 PFK,260000000,280000000,228000000.0,4788000.0,2023-07-30,2023-03-01,143000.0,4931000.0,Mirza Mobil,"Jl. I Gusti Ngurah Rai Jl. Kp. Sumur Utara No.80-81, RT.15/RW.17, Klender, Kec. Duren Sawit, Kota Jakarta Timur",Jakarta Timur,2023-04-11 11:34:00,2023-04-11 11:34:00,21
119,34,Toyota,All New Calya G 1.2,Minibus,HITAM,2021,automatic,Gasoline,5,1197,4,0,56000,B 2482 SRX,147000000,157000000,122000000.0,3202500.0,2026-07-29,2026-07-29,143000.0,3345500.0,Mirza Mobil,"Jl. I Gusti Ngurah Rai Jl. Kp. Sumur Utara No.80-81, RT.15/RW.17, Klender, Kec. Duren Sawit, Kota Jakarta Timur",Jakarta Timur,2023-04-11 12:08:00,2023-04-11 12:08:00,21
120,36,Toyota,Rush S TRD Sportivo 1.5,Minibus,SILVER METALIK,2017,automatic,Gasoline,5,1495,4,0,43000,B 1139 PIF,177500000,190000000,174000000.0,3654000.0,2027-02-28,2027-02-28,143000.0,3797000.0,Mirza Mobil,"Jl. I Gusti Ngurah Rai Jl. Kp. Sumur Utara No.80-81, RT.15/RW.17, Klender, Kec. Duren Sawit, Kota Jakarta Timur",Jakarta Timur,2023-04-11 12:18:00,2023-04-11 12:18:00,21
121,37,Toyota,Grand Avanza G 1.3,Minibus,HITAM METALIK,2019,manual,Gasoline,5,1329,4,0,92000,B 2445 UOB,172500000,185000000,152000000.0,3192000.0,2024-07-10,2024-07-10,143000.0,3335000.0,Mirza Mobil,"Jl. I Gusti Ngurah Rai Jl. Kp. Sumur Utara No.80-81, RT.15/RW.17, Klender, Kec. Duren Sawit, Kota Jakarta Timur",Jakarta Timur,2023-04-11 12:23:00,2023-04-11 12:23:00,21
122,38,Toyota,Grand New Avanza E 1.3,Minibus,HITAM METALIK,2018,automatic,Gasoline,5,2018,4,0,134000,B 2543 PFN,142500000,152500000,142000000.0,2982000.0,2023-09-25,2023-09-25,143.0,3125000.0,Mirza Mobil,"Jl. I Gusti Ngurah Rai Jl. Kp. Sumur Utara No.80-81, RT.15/RW.17, Klender, Kec. Duren Sawit, Kota Jakarta Timur",Jakarta Timur,2023-04-11 12:29:00,2023-04-11 12:29:00,21
123,39,Toyota,Kijang Innova Reborn V 2.0,Minibus,HITAM METALIK,2019,automatic,Gasoline,5,1998,4,0,83000,B 2892 PKF,300000000,325000000,272.0,5712000.0,2024-09-24,2024-09-24,143000.0,5855000.0,Mirza Mobil,"Jl. I Gusti Ngurah Rai Jl. Kp. Sumur Utara No.80-81, RT.15/RW.17, Klender, Kec. Duren Sawit, Kota Jakarta Timur",Jakarta Timur,2023-04-11 12:33:00,2023-04-11 12:33:00,21
124,40,Toyota,Calya G 1.2,Minibus,HITAM,2018,automatic,Gasoline,5,1197,4,0,51000,B 2919 UKA,122500000,132500000,115000000.0,2415000.0,2028-05-17,2028-05-17,143000.0,2558000.0,Mirza Mobil,"Jl. I Gusti Ngurah Rai Jl. Kp. Sumur Utara No.80-81, RT.15/RW.17, Klender, Kec. Duren Sawit, Kota Jakarta Timur",Jakarta Timur,2023-04-11 12:43:00,2023-04-11 12:43:00,21
125,67,Toyota,Kijang Innova Reborn G 2.0,Minibus,HITAM METALIK,2017,manual,Gasoline,5,1998,4,0,57000,B 1936 PIE,232000000,252000000,205000000.0,4305000.0,2027-02-24,2027-02-24,143000.0,4448000.0,Mirza Mobil,"Jl. I Gusti Ngurah Rai Jl. Kp. Sumur Utara No.80-81, RT.15/RW.17, Klender, Kec. Duren Sawit, Kota Jakarta Timur",Jakarta Timur,2023-04-12 06:19:00,2023-04-12 06:19:00,21
126,68,Toyota,Grand New Avanza G 1.3,Minibus,HITAM METALIK,2018,manual,Gasoline,5,1329,4,0,142000,B 2004 BZM,157500000,167500000,147000000.0,3087000.0,2028-02-06,2028-02-06,143000.0,3230000.0,Mirza Mobil,"Jl. I Gusti Ngurah Rai Jl. Kp. Sumur Utara No.80-81, RT.15/RW.17, Klender, Kec. Duren Sawit, Kota Jakarta Timur",Jakarta Timur,2023-04-12 06:23:00,2023-04-12 06:23:00,21
127,69,Toyota,New Vios G 1.5,SEDAN,SILVER METALIK,2016,automatic,Gasoline,4,1497,4,0,114000,B 1263 SAN,152000000,162000000,189.0,3874500.0,2026-09-28,2026-09-28,143000.0,4017500.0,Mirza Mobil,"Jl. I Gusti Ngurah Rai Jl. Kp. Sumur Utara No.80-81, RT.15/RW.17, Klender, Kec. Duren Sawit, Kota Jakarta Timur",Jakarta Timur,2023-04-12 06:28:00,2023-04-12 06:28:00,21
128,72,Toyota,Kijang Innova Reborn G 2.0,Minibus,ABU ABU METALIK,2018,automatic,Gasoline,5,1998,4,0,40000,B 2657 PFI,260000000,280000000,228000000.0,4788000.0,2023-06-28,2023-06-28,143000.0,4931000.0,Mirza Mobil,"Jl. I Gusti Ngurah Rai Jl. Kp. Sumur Utara No.80-81, RT.15/RW.17, Klender, Kec. Duren Sawit, Kota Jakarta Timur",Jakarta Timur,2023-04-12 12:17:00,2023-04-12 12:17:00,21
129,100,Honda,HONDA BRV,MINIBUS,PUTIH,2017,automatic,Gasoline,5,1497,4,0,80000,B 2166 SZQ,175000000,190000000,194000000.0,4074000.0,2028-01-30,2024-01-30,143000.0,4217000.0,NOAH AUTO,"Bursa Mobil Sumarecon Blok G no 28, Curug Sangereng, Kec. Klp. Dua, Kabupaten Tangerang, Banten",Banten,2023-04-13 06:34:00,2023-04-13 06:34:00,22
133,128,Mercedes Benz,E 250,SEDAN,BIRU METALIK,2017,automatic,Gasoline,5,1991,4,0,75000,B 1077 BAH,588000000,603000000,853000000.0,17486500.0,2027-05-20,2023-05-20,143000.0,17629500.0,PT.SURYA DARMA PERKAS,"Jl. Raya Daan Mogot No.km 1 no 99, RT.6/RW.5, Duri Kepa, Kec. Kb. Jeruk, Kota Jakarta Barat",Jakarta Barat,2023-04-13 20:33:00,2023-04-13 20:33:00,24
134,126,Toyota,RUSH 1.5 G,MINIBUS,HITAM METALIK,2018,automatic,Gasoline,5,1496,4,0,80000,B 2007 BYP,195000000,210000000,178000000.0,3738000.0,2024-01-11,2024-01-11,143000.0,3881000.0,PT.SURYA DARMA PERKAS,"Jl. Raya Daan Mogot No.km 1 no 99, RT.6/RW.5, Duri Kepa, Kec. Kb. Jeruk, Kota Jakarta Barat",Jakarta Barat,2023-04-13 20:24:00,2023-04-13 20:24:00,24
135,127,Toyota,VIOS 1.5 G,SEDAN,HITAM METALIK,2018,automatic,Gasoline,5,1496,4,0,75000,B 1858 BAH,170500000,172000000,236000000.0,4838000.0,2024-01-11,2024-01-11,143000.0,4981000.0,PT.SURYA DARMA PERKAS,"Jl. Raya Daan Mogot No.km 1 no 99, RT.6/RW.5, Duri Kepa, Kec. Kb. Jeruk, Kota Jakarta Barat",Jakarta Barat,2023-04-13 20:29:00,2023-04-13 20:29:00,24
136,129,Toyota,CAMRY 2.5V,SEDAN,HITAM METALIK,2018,automatic,Gasoline,5,2494,4,0,75000,B 1743 BAH,300000000,315000000,391000000.0,8015500.0,2023-10-11,2023-11-11,143000.0,8158500.0,PT.SURYA DARMA PERKAS,"Jl. Raya Daan Mogot No.km 1 no 99, RT.6/RW.5, Duri Kepa, Kec. Kb. Jeruk, Kota Jakarta Barat",Jakarta Barat,2023-04-13 20:37:00,2023-04-13 20:37:00,24
137,125,Toyota,AVANZA 1.5 VELOZ,MINIBUS,HITAM METALIK,2020,automatic,Gasoline,5,1496,4,0,75000,B 2256 BIV,195000000,210000000,173000000.0,3633000.0,2025-01-28,2024-01-28,143000.0,3776000.0,PT.SURYA DARMA PERKAS,"Jl. Pecenongan No.51, RT.9/RW.3, Kb. Klp., Kecamatan Gambir, Kota Jakarta Pusat",Jakarta Pusat,2023-04-13 20:21:00,2023-04-13 20:21:00,25
138,97,Mercedes Benz,S 350 L,SEDAN,PUTIH METALIK,2012,automatic,Gasoline,5,3498,8,0,40000,B 2869 SXJ,530000000,545000000,850000000.0,21781300.0,2027-11-19,2023-11-19,143000.0,21924300.0,RND AUTO,"Jl. Boulevard Raya Gading Serpong No.08, Curug Sangereng, Kec. Klp. Dua, Kabupaten Tangerang, Banten",Banten,2023-04-13 06:03:00,2023-04-13 06:03:00,26
139,117,Wuling,CONFERO 1.5,MINIBUS,PUTIH,2021,automatic,Gasoline,5,1485,4,0,50000,B 2972 SRQ,108000000,123000000,115000000.0,3018800.0,2026-04-09,2023-04-09,143000.0,3257200.0,SAUNG MOBIL,"Jl. Raya Serpong No.39, Pd. Jagung, Kec. Serpong Utara, Kota Tangerang Selatan, Banten",Banten,2023-04-13 19:10:00,2023-04-13 19:10:00,27
140,114,Nissan,SERENA 2.0,MINIBUS,HITAM,2013,automatic,Gasoline,5,1997,4,0,96000,B 1210 UZM,140000000,155000000,115000000.0,2415000.0,2024-04-19,2023-04-19,143000.0,2558000.0,SAUNG MOBIL,"Jl. Raya Serpong No.39, Pd. Jagung, Kec. Serpong Utara, Kota Tangerang Selatan, Banten",Banten,2023-04-13 18:57:00,2023-04-13 18:57:00,27
141,118,Mitsubishi,XPAND1.5LULT,MINIBUS,SILVER METALIK,2018,automatic,Gasoline,4,1499,4,0,30000,B 2586 BZV,229000000,244000000,185000000.0,4856300.0,2023-05-17,2023-05-17,143000.0,5299300.0,SAUNG MOBIL,"Jl. Raya Serpong No.39, Pd. Jagung, Kec. Serpong Utara, Kota Tangerang Selatan, Banten",Banten,2023-04-13 19:33:00,2023-04-13 19:33:00,27
142,115,Daihatsu,TERIOS F700RG,MINIBUS,HITAM METALIK,2013,automatic,Gasoline,5,1495,4,0,120000,B 1112 SYP,120000000,135000000,123000000.0,2583000.0,2023-12-27,2023-12-27,143000.0,2726000.0,SAUNG MOBIL,"Jl. Raya Serpong No.39, Pd. Jagung, Kec. Serpong Utara, Kota Tangerang Selatan, Banten",Banten,2023-04-13 19:02:00,2023-04-13 19:02:00,27
143,116,Honda,FREED GB3 1.5,MINIBUS,ABU ABU METALIK,2015,automatic,Gasoline,5,1497,4,0,85000,B 1137 BIY,180000000,195000000,172000000.0,4515000.0,2025-03-13,2024-03-13,143000.0,4658000.0,SAUNG MOBIL,"Jl. Raya Serpong No.39, Pd. Jagung, Kec. Serpong Utara, Kota Tangerang Selatan, Banten",Banten,2023-04-13 19:05:00,2023-04-13 19:05:00,27
144,120,Honda,BRIO SATYA1.2,MINIBUS,HITAM MUTIARA,2019,automatic,Gasoline,5,1198,4,0,50000,B 2915 TYN,150000000,165000000,120700000.0,3168400.0,2024-05-10,2023-05-10,143000.0,3311400.0,SAUNG MOBIL,"Jl. Raya Serpong No.39, Pd. Jagung, Kec. Serpong Utara, Kota Tangerang Selatan, Banten",Banten,2023-04-13 19:41:00,2023-04-13 19:41:00,27
145,119,Toyota,AVANZA 1500,MINIBUS,HITAM METALIK,2010,automatic,Gasoline,5,1498,4,0,130000,B 1253 SVJ,100000000,115000000,101000000.0,2121000.0,2027-08-10,2023-08-10,143000.0,2264000.0,SAUNG MOBIL,"Jl. Raya Serpong No.39, Pd. Jagung, Kec. Serpong Utara, Kota Tangerang Selatan, Banten",Banten,2023-04-13 19:37:00,2023-04-13 19:37:00,27
146,166,Daihatsu,XEN15RMT,MINIBUS,SILVER METALIK,2020,manual,Gasoline,5,1496,4,0,30000,B 2217 SRB,160000000,175000000,157000000.0,3297000.0,2025-02-10,2024-02-10,143000.0,3440000.0,SECOND CARS 15,"JL. Pahlawan Revolusi no 8, Duren SawitJakarta Timur",Jakarta Timur,2023-04-16 05:22:00,2023-04-16 05:22:00,28
147,76,Honda,HONDAHRVRU518,MINIBUS,PUTIH,2017,automatic,Gasoline,5,1799,4,0,70000,B 2019 UFM,269000000,284000000,277000000.0,5817000.0,2027-09-04,2023-09-04,143000.0,5960000.0,SILOAM MOBILINDO,"WTC Mangga Dua, Jl. Gn. Sahari No.8, RT.1/RW.13, Ancol, Kec. Pademangan, Jkt Utara",Jakarta Pusat,2023-04-12 13:08:00,2023-04-12 13:08:00,29
148,77,Honda,JAZZ GK5 15RS,MINIBUS,MERAH,2016,manual,Gasoline,5,1496,4,0,55000,B 1924 UIL,185000000,200000000,178000000.0,5607000.0,2026-12-20,2022-12-20,143000.0,6268600.0,SILOAM MOBILINDO,"WTC Mangga Dua, Jl. Gn. Sahari No.8, RT.1/RW.13, Ancol, Kec. Pademangan, Jkt Utara",Jakarta Pusat,2023-04-12 13:16:00,2023-04-12 13:16:00,29
149,78,Honda,ACCORD CP2 2.4,SEDAN,ABU ABU MUD METALIK,2012,automatic,Gasoline,5,2354,4,0,120000,B 1244 BAE,169000000,184000000,223000000.0,4571500.0,2023-02-06,2023-02-06,143000.0,5323800.0,SILOAM MOBILINDO,"WTC Mangga Dua, Jl. Gn. Sahari No.8, RT.1/RW.13, Ancol, Kec. Pademangan, Jkt Utara",Jakarta Pusat,2023-04-12 13:25:00,2023-04-12 13:25:00,29
150,81,Honda,BRIO DD2 1.3,MINIBUS,HIJAU METALIK,2012,automatic,Gasoline,5,1339,4,0,98000,B 2897 UBC,102000000,117000000,98000000.0,2058000.0,2027-11-20,2023-11-20,143000.0,2201000.0,SILOAM MOBILINDO,"WTC Mangga Dua, Jl. Gn. Sahari No.8, RT.1/RW.13, Ancol, Kec. Pademangan, Jkt Utara",Jakarta Pusat,2023-04-12 13:47:00,2023-04-12 13:47:00,29
151,80,Toyota,YARIS 1.5 S,MINIBUS,MERAH METALIK,2017,automatic,Gasoline,5,1497,4,0,75000,B 1621 PIY,185000000,200000000,179000000.0,3759000.0,2027-12-06,2023-12-06,143000.0,3902000.0,SILOAM MOBILINDO,"WTC Mangga Dua, Jl. Gn. Sahari No.8, RT.1/RW.13, Ancol, Kec. Pademangan, Jkt Utara",Jakarta Pusat,2023-04-12 13:42:00,2023-04-12 13:42:00,29
152,82,Toyota,AVANZA 1.5 VELOZ,MINIBUS,HITAM,2017,automatic,Gasoline,5,1496,4,0,70000,B 2991 UFB,158000000,173000000,163000000.0,3423000.0,2027-03-24,2024-03-24,143000.0,3566000.0,SILOAM MOBILINDO,"WTC Mangga Dua, Jl. Gn. Sahari No.8, RT.1/RW.13, Ancol, Kec. Pademangan, Jkt Utara",Jakarta Pusat,2023-04-12 13:53:00,2023-04-12 13:53:00,29
153,83,Toyota,KIJANG INNOVA2.0G,MINIBUS,SILVER METALIK,2019,automatic,Gasoline,5,1998,4,0,45000,B 2741 UKX,285000000,300000000,238000000.0,4998000.0,2024-05-06,2023-05-06,143000.0,5141000.0,SILOAM MOBILINDO,"WTC Mangga Dua, Jl. Gn. Sahari No.8, RT.1/RW.13, Ancol, Kec. Pademangan, Jkt Utara",Jakarta Pusat,2023-04-12 13:59:00,2023-04-12 13:59:00,29
154,84,Mitsubishi,PAJ SPO25 HPE4X2,JEEP L.C.HDTP,HITAM,2015,automatic,Diesel,5,2477,4,1,80000,B 2420 SXC,310000000,325000000,295000000.0,6195000.0,2025-08-24,2023-08-24,143000.0,6338000.0,SILOAM MOBILINDO,"WTC Mangga Dua, Jl. Gn. Sahari No.8, RT.1/RW.13, Ancol, Kec. Pademangan, Jkt Utara",Jakarta Pusat,2023-04-12 14:06:00,2023-04-12 14:06:00,29
155,79,Toyota,FORTUNER 2.5,JEEP S.C.HDTP,PUTIH,2015,automatic,Diesel,5,2494,4,0,85000,B 2011 PBO,305000000,320000000,289000000.0,6069000.0,2025-10-26,2023-10-26,143000.0,6212000.0,SILOAM MOBILINDO,"WTC Mangga Dua, Jl. Gn. Sahari No.8, RT.1/RW.13, Ancol, Kec. Pademangan, Jkt Utara",Jakarta Pusat,2023-04-12 13:38:00,2023-04-12 13:38:00,29
156,135,Range Rover,RANGE ROVER SPORT HSE,SUV,PUTIH,2014,automatic,Gasoline,5,2994,4,0,43000,B 8647 GK,1250000000,1150000000,1212000000.0,25452000.0,2023-08-27,2023-08-27,143000.0,25595000.0,SPECTRUM MOTOR,"Bursa otomotif, Jl. Sunter Kirana Raya, RT.10/RW.11, Sunter Jaya, Tanjung Priok, JAKARTA UTARA",Jakarta Utara,2023-04-14 00:56:00,2023-04-14 00:56:00,30
157,136,Jeep,JK Wrangler Sahara,JEEP,MERAH,2012,automatic,Gasoline,2,3604,4,0,51000,B 1186 BLQ,775000000,750000000,285000000.0,5985000.0,2024-03-23,2024-03-23,143000.0,6128000.0,SPECTRUM MOTOR,"Bursa otomotif, Jl. Sunter Kirana Raya, RT.10/RW.11, Sunter Jaya, Tanjung Priok, JAKARTA UTARA",Jakarta Utara,2023-04-14 03:16:00,2023-04-14 03:16:00,30
158,134,Porsche,MACAN,SUV,PUTIH,2015,automatic,Gasoline,5,1984,4,1,40000,B 2101 SXL,890000000,850000000,712000000.0,18690000.0,2026-06-10,2026-06-10,143000000.0,18833000.0,SPECTRUM MOTOR,"Bursa otomotif, Jl. Sunter Kirana Raya, RT.10/RW.11, Sunter Jaya, Tanjung Priok, JAKARTA UTARA",Jakarta Utara,2023-04-14 00:50:00,2023-04-14 00:50:00,30
159,137,Lexus,LX 570,SUV,ABU ABU METALIK,2017,automatic,Gasoline,5,5663,4,1,35000,B 1177 TN,2400000000,2250000000,1964000000.0,41244000.0,2025-09-29,2025-09-29,143.0,41387000.0,SPECTRUM MOTOR,"Bursa otomotif, Jl. Sunter Kirana Raya, RT.10/RW.11, Sunter Jaya, Tanjung Priok, JAKARTA UTARA",Jakarta Utara,2023-04-14 03:19:00,2023-04-14 03:19:00,30
160,163,Daihatsu,AYLA12X,MINIBUS,SILVER METALIK,2022,automatic,Gasoline,5,1197,4,0,30000,B 2771 UIA,130000000,145000000,112000000.0,2352000.0,2027-09-01,2023-09-01,143000.0,2495000.0,SUKSES MOBILINDO 2,"Sebelah PT Panasonic, Jl. Raya Bogor No.Km. 28, Pekayon, Kec. Ps. Rebo",Jakarta Timur,2023-04-16 04:58:00,2023-04-16 04:58:00,31
161,164,Daihatsu,TER15RF700R,MINIBUS,SILVER METALIK,2017,manual,Gasoline,5,1495,4,0,60000,B 2520 UFQ,161000000,176000000,157000000.0,3297000.0,2027-11-27,2023-11-27,143000.0,3440000.0,SUKSES MOBILINDO 2,"Sebelah PT Panasonic, Jl. Raya Bogor No.Km. 28, Pekayon, Kec. Ps. Rebo",Jakarta Timur,2023-04-16 05:01:00,2023-04-16 05:01:00,31
162,165,Honda,JAZZ GE8 1.5E,MINIBUS,HITAM METALIK,2013,automatic,Gasoline,5,1496,4,0,80000,B 2945 SXQ,143500000,145000000,151000000.0,3171000.0,2023-07-27,2023-07-27,143000.0,3314000.0,SUKSES MOBILINDO 2,"Sebelah PT Panasonic, Jl. Raya Bogor No.Km. 28, Pekayon, Kec. Ps. Rebo",Jakarta Timur,2023-04-16 05:05:00,2023-04-16 05:05:00,31
163,167,Toyota,VIOS 1.5G,SEDAN,HITAM METALIK,2012,automatic,Gasoline,5,1497,4,0,120000,B 1394 UAD,110000000,125000000,117000000.0,2398500.0,2027-09-11,2023-09-11,143000.0,2541500.0,SURYA ABADI MOTOR,"Jl. Pahlawan Revolusi No.8, RT.6/RW.12, Pd. Bambu, Kec. Duren Sawit, Kota Jakarta Timur",Jakarta Timur,2023-04-16 05:26:00,2023-04-16 05:26:00,32
164,168,Toyota,B401RAGMZFJ,MINIBUS,SILVER METALIK,2018,manual,Gasoline,5,1197,4,0,120000,B 2841 SYG,109000000,124000000,107000000.0,2247000.0,2023-08-15,2023-08-15,143000.0,2390000.0,SURYA ABADI MOTOR,"Jl. Pahlawan Revolusi No.8, RT.6/RW.12, Pd. Bambu, Kec. Duren Sawit, Kota Jakarta Timur",Jakarta Timur,2023-04-16 05:30:00,2023-04-16 05:30:00,32
165,157,Suzuki,All New Baleno,MINIBUS,MERAH,2017,automatic,Gasoline,5,1372,4,0,100000,B 2687 SZT,163000000,178000000,127000000.0,2667000.0,2028-03-12,2024-03-12,143000.0,2810000.0,THOR MOTOR,"Jl. Marsekal Suryadarma No.52, RT.003/RW.008, Neglasari, Kec. Neglasari, Kota Tangerang, Banten 15129",Banten,2023-04-15 13:34:00,2023-04-15 13:34:00,33
166,155,Daihatsu,B100RS,MINIBUS,HITAM,2014,automatic,Gasoline,5,998,3,0,65000,B 1592 BYU,87000000,102000000,77000000.0,1617000.0,2024-05-20,2024-05-20,143000.0,1760000.0,THOR MOTOR,"Jl. Marsekal Suryadarma No.52, RT.003/RW.008, Neglasari, Kec. Neglasari, Kota Tangerang, Banten 15129",Banten,2023-04-15 13:21:00,2023-04-15 13:21:00,33
167,156,Daihatsu,TERI15,MINIBUS,HITAM METALIK,2019,automatic,Gasoline,5,1496,4,0,75000,B 2538 UOE,189000000,204000000,188000000.0,3948000.0,2024-08-29,2023-08-29,143000.0,4091000.0,THOR MOTOR,"Jl. Marsekal Suryadarma No.52, RT.003/RW.008, Neglasari, Kec. Neglasari, Kota Tangerang, Banten 15129",Banten,2023-04-15 13:30:00,2023-04-15 13:30:00,33
168,154,Toyota,NEW AVANZA 1.3G,MINIBUS,SILVER METALIK,2012,automatic,Gasoline,5,1298,4,0,185000,B 1554 SZI,113000000,128000000,111000000.0,2331000.0,2027-04-20,2023-04-20,143000.0,2474000.0,THOR MOTOR,"Jl. Marsekal Suryadarma No.52, RT.003/RW.008, Neglasari, Kec. Neglasari, Kota Tangerang, Banten 15129",Banten,2023-04-15 13:15:00,2023-04-15 13:15:00,33
169,178,Mercedes Benz,C 250 AT,SEDAN,HITAM METALIK,2015,automatic,Gasoline,5,1991,4,0,70000,B 2549 PBU,560000000,575000000,425000000.0,8712500.0,2026-01-19,2024-01-19,143000.0,8855500.0,TIMUR JAYA MOBIL,"Jl. Angkasa No.Kav B6, RW.10, South Gunung Sahari, Kemayoran, Jakarta Pusat",Jakarta Pusat,2023-04-16 16:54:00,2023-04-16 16:54:00,34
171,191,Nissan,GR LIVINA 1.5,MINIBUS,MERAH TUA,2016,automatic,Gasoline,5,1498,4,0,70000,B 2830 BKS,125000000,140000000,133000000.0,2793000.0,2026-10-31,2023-10-31,143000.0,2936000.0,TIMUR JAYA MOBIL,"Jl. Angkasa No.Kav B6, RW.10, South Gunung Sahari, Kemayoran, Jakarta Pusat",Jakarta Pusat,2023-04-16 18:25:00,2023-04-16 18:25:00,34
172,192,Nissan,SERENA2.0,MINIBUS,HITAM,2014,automatic,Gasoline,5,1997,4,0,90000,B 1845 SVK,180000000,195000000,179000000.0,3759000.0,2023-02-06,2023-02-06,143000.0,4462600.0,TIMUR JAYA MOBIL,"Jl. Angkasa No.Kav B6, RW.10, South Gunung Sahari, Kemayoran, Jakarta Pusat",Jakarta Pusat,2023-04-16 18:28:00,2023-04-16 18:28:00,34
173,180,Mitsubishi,XPANDER15LSPORT,MICRO/MINIBUS,HITAM,2019,automatic,Gasoline,5,1499,4,0,30000,B 2462 PKF,195000000,210000000,187000000.0,3927000.0,2024-09-12,2023-09-12,143000.0,4070000.0,TIMUR JAYA MOBIL,"Jl. Angkasa No.Kav B6, RW.10, South Gunung Sahari, Kemayoran, Jakarta Pusat",Jakarta Pusat,2023-04-16 17:18:00,2023-04-16 17:18:00,34
174,184,Honda,JAZZ GE8 1.5S,MINIBUS,ABU ABU MUD METALIK,2011,automatic,Gasoline,5,1496,4,0,120000,B 2479 SXN,117000000,132000000,120000000.0,3150000.0,2026-10-28,2023-10-28,143000.0,3293000.0,TIMUR JAYA MOBIL,"Jl. Angkasa No.Kav B6, RW.10, South Gunung Sahari, Kemayoran, Jakarta Pusat",Jakarta Pusat,2023-04-16 17:53:00,2023-04-16 17:53:00,34
175,186,Honda,HONDAHRVRU115,MINIBUS,ABU ABU METALIK,2016,automatic,Gasoline,5,1497,4,0,90000,B 2637 UBP,195000000,210000000,209000000.0,4389000.0,2027-01-16,2024-01-16,4389000.0,4532000.0,TIMUR JAYA MOBIL,"Jl. Angkasa No.Kav B6, RW.10, South Gunung Sahari, Kemayoran, Jakarta Pusat",Jakarta Pusat,2023-04-16 18:01:00,2023-04-16 18:01:00,34
176,188,Honda,BRIO SATYA1.2,MINIBUS,ABU ABU METALIK,2019,automatic,Gasoline,5,1198,4,0,30000,B 2597 UOF,145000000,160000000,120700000.0,2534700.0,2024-09-18,2023-09-18,143000.0,2677700.0,TIMUR JAYA MOBIL,"Jl. Angkasa No.Kav B6, RW.10, South Gunung Sahari, Kemayoran, Jakarta Pusat",Jakarta Pusat,2023-04-16 18:15:00,2023-04-16 18:15:00,34
177,181,Toyota,CAMRY 2.5V AT,SEDAN,HITAM METALIK,2017,automatic,Gasoline,5,2494,4,0,90000,B 1270 PAI,263000000,278000000,355000000.0,7277500.0,2027-11-07,2023-11-07,143000.0,7420500.0,TIMUR JAYA MOBIL,"Jl. Angkasa No.Kav B6, RW.10, South Gunung Sahari, Kemayoran, Jakarta Pusat",Jakarta Pusat,2023-04-16 17:24:00,2023-04-16 17:24:00,34
178,183,Toyota,SIENTA 1.5,MINIBUS,HITAM METALIK,2016,automatic,Gasoline,5,1496,4,0,70000,B 2033 PVB,170000000,185000000,178000000.0,4672500.0,2028-02-22,2024-02-22,143000.0,4815500.0,TIMUR JAYA MOBIL,"Jl. Angkasa No.Kav B6, RW.10, South Gunung Sahari, Kemayoran, Jakarta Pusat",Jakarta Pusat,2023-04-16 17:47:00,2023-04-16 17:47:00,34
179,187,Toyota,ETIOS 1.2 G,MINIBUS,BIRU METALIK,2013,manual,Gasoline,5,1197,4,0,90000,B 1846 SRV,85000000,100000000,85000000.0,1785000.0,2023-06-07,2023-06-07,143000.0,2228000.0,TIMUR JAYA MOBIL,"Jl. Angkasa No.Kav B6, RW.10, South Gunung Sahari, Kemayoran, Jakarta Pusat",Jakarta Pusat,2023-04-16 18:11:00,2023-04-16 18:11:00,34
180,190,Toyota,B401RAGMQFJ(CAL12E,MINIBUS,SILVER METALIK,2017,manual,Gasoline,5,1197,4,0,70000,B 2712 SOO,101000000,116000000,100000000.0,2100000.0,2027-02-17,2023-02-17,143000.0,2362000.0,TIMUR JAYA MOBIL,"Jl. Angkasa No.Kav B6, RW.10, South Gunung Sahari, Kemayoran, Jakarta Pusat",Jakarta Pusat,2023-04-16 18:23:00,2023-04-16 18:23:00,34
181,189,Mitsubishi,PAJSPO24LDAKARK2W8,JEEP S.C.HDTP,HITAM,2019,automatic,Diesel,5,2442,4,1,70000,B 1906 UJT,450000000,465000000,366000000.0,7686000.0,2024-09-10,2023-09-10,143000.0,7829000.0,TIMUR JAYA MOBIL,"Jl. Angkasa No.Kav B6, RW.10, South Gunung Sahari, Kemayoran, Jakarta Pusat",Jakarta Pusat,2023-04-16 18:19:00,2023-04-16 18:19:00,34
182,179,Toyota,K INNOVA G DIESEL,MICRO/MINIBUS,SILVER METALIK,2012,manual,Diesel,5,2494,4,0,120000,B 1974 BZU,182000000,197000000,152000000.0,3192000.0,2027-09-27,2023-09-27,153000.0,3345000.0,TIMUR JAYA MOBIL,"Jl. Angkasa No.Kav B6, RW.10, South Gunung Sahari, Kemayoran, Jakarta Pusat",Jakarta Pusat,2023-04-16 17:07:00,2023-04-16 17:07:00,34
183,185,Toyota,K INNOVA G DIESEL,MINIBUS,PUTIH,2013,automatic,Diesel,5,2494,4,0,120000,B 1882 BRJ,196000000,211000000,175000000.0,3675000.0,2028-03-16,2024-03-16,153000.0,3828000.0,TIMUR JAYA MOBIL,"Jl. Angkasa No.Kav B6, RW.10, South Gunung Sahari, Kemayoran, Jakarta Pusat",Jakarta Pusat,2023-04-16 17:57:00,2023-04-16 17:57:00,34
184,196,BMW,520I G30,SEDAN,HITAM METALIK,2018,automatic,Gasoline,4,1998,4,0,40000,B 1934 PAI,779000000,794000000,761000000.0,15600500.0,2024-02-14,2024-02-14,143000.0,15743500.0,TOKO MOBILKU,"Jl. Meruya Selatan No. 43, , Meruya Selatan, Kec. Kembangan, Jakarta Barat",Jakarta Barat,2023-04-16 19:32:00,2023-04-16 19:32:00,35
185,195,Mercedes Benz,C 200,SEDAN,HITAM METALIK,2017,automatic,Gasoline,4,1991,4,0,60000,B 1588 SAO,615000000,630000000,500000000.0,10250000.0,2027-11-01,2027-11-01,143000.0,10393000.0,TOKO MOBILKU,"Jl. Meruya Selatan No. 43, , Meruya Selatan, Kec. Kembangan, Jakarta Barat",Jakarta Barat,2023-04-16 19:27:00,2023-04-16 19:27:00,35
186,139,Nissan,JUKE 1.5 RX,SUV,SILVER METALIK,2012,automatic,Gasoline,5,1498,4,0,130000,B 1051 PZP,135000000,125000000,137000000.0,2877000.0,2023-09-04,2023-09-04,143000.0,3020000.0,TOKO MOBILKU,"Jl. Meruya Selatan No. 43, , Meruya Selatan, Kec. Kembangan, Jakarta Barat",Jakarta Barat,2023-04-14 03:57:00,2023-04-14 03:57:00,35
187,198,Honda,HRV E CVT,SUV,ABU ABU METALIK,2016,automatic,Gasoline,5,1497,4,0,60000,B 2339 BKN,225000000,235000000,209000000.0,4389000.0,2026-09-05,2026-09-05,143000.0,4532000.0,TOKO MOBILKU,"Jl. Meruya Selatan No. 43, , Meruya Selatan, Kec. Kembangan, Jakarta Barat",Jakarta Barat,2023-04-16 21:36:00,2023-04-16 21:36:00,35
188,193,Toyota,ALPHARD 2.4X,MPV,HITAM,2011,automatic,Gasoline,5,2362,4,0,120000,B 1011 SSC,225000000,235000000,252000000.0,6615000.0,2024-03-03,2024-03-03,143000.0,6758000.0,TOKO MOBILKU,"Jl. Meruya Selatan No. 43, , Meruya Selatan, Kec. Kembangan, Jakarta Barat",Jakarta Barat,2023-04-16 19:18:00,2023-04-16 19:18:00,35
189,194,Toyota,VOXY20,MPV,HITAM,2019,automatic,Gasoline,5,1987,4,0,40000,B 2407 PKL,385000000,390000000,350000000.0,7350000.0,2024-12-11,2024-12-11,143000.0,7493001.0,TOKO MOBILKU,"Jl. Meruya Selatan No. 43, , Meruya Selatan, Kec. Kembangan, Jakarta Barat",Jakarta Barat,2023-04-16 19:23:00,2023-04-16 19:23:00,35
190,197,Toyota,ALPHARD 2.4X,MPV,HITAM,2012,automatic,Gasoline,5,2362,4,0,120000,B 2332 SBO,275000000,285000000,270000000.0,5670000.0,2027-11-08,2027-11-08,143000.0,5813000.0,TOKO MOBILKU,"Jl. Meruya Selatan No. 43, , Meruya Selatan, Kec. Kembangan, Jakarta Barat",Jakarta Barat,2023-04-16 21:29:00,2023-04-16 21:29:00,35
191,199,Toyota,VELLFIRE 2.5 G,MPV,PUTIH METALIK,2015,automatic,Gasoline,5,2494,4,0,100000,B 2532 TBP,750000000,760000000,570000000.0,11970000.0,2023-11-23,2023-11-23,153000.0,12123000.0,TOKO MOBILKU,"Jl. Meruya Selatan No. 43, , Meruya Selatan, Kec. Kembangan, Jakarta Barat",Jakarta Barat,2023-04-16 21:44:00,2023-04-16 21:44:00,35
192,138,Toyota,Kijang Innova 2.0 G,Minibus,SILVER METALIK,2012,automatic,Diesel,5,1998,4,0,90000,B 1008 RO,155000000,142000000,144000000.0,3024000.0,2027-02-09,2027-02-09,143000.0,3167000.0,TOKO MOBILKU,"Jl. Meruya Selatan No. 43, , Meruya Selatan, Kec. Kembangan, Jakarta Barat",Jakarta Barat,2023-04-14 03:54:00,2023-04-14 03:54:00,35
193,161,Honda,FREED GB 3,MINIVAN,PUTIH METALIK,2012,automatic,Gasoline,5,1497,4,0,110000,B 2065 PBT,158000000,148000000,148000000.0,3108000.0,2027-03-28,2027-03-28,143000.0,3251000.0,TOKO MOBILKU,"Jl. Industri Raya No.10, RW.10, Danau Sunter Dll, Kec. Pademangan, Kota Jkt Utara",Jakarta Utara,2023-04-15 21:14:00,2023-04-15 21:14:00,36
194,153,Nissan,X-TRAIL 2.5,MINIBUS,PUTIH,2014,automatic,Gasoline,5,2488,4,0,75000,B 1796 BIQ,185000000,200000000,233000000.0,4893000.0,2024-12-24,2023-12-24,153000.0,5046000.0,UNITY MOBILINDO,"Jl. Imam Bonjol No.88B, Karawaci, Kec. Karawaci, Kota Tangerang, Banten 15113",Banten,2023-04-15 13:02:00,2023-04-15 13:02:00,37
195,151,Daihatsu,XEN13RMT,MINIBUS,SILVER METALIK,2018,manual,Gasoline,5,1329,4,0,65000,B 2445 BZU,135000000,150000000,135000000.0,2835000.0,2028-05-08,2024-05-08,143000.0,2978000.0,UNITY MOBILINDO,"Jl. Imam Bonjol No.88B, Karawaci, Kec. Karawaci, Kota Tangerang, Banten 15113",Banten,2023-04-15 12:53:00,2023-04-15 12:53:00,37
196,149,Honda,ONDA BR-V1.5,MINIBUS,PUTIH,2017,automatic,Gasoline,5,1497,4,0,65000,B 2310 BZJ,170000000,185000000,182000000.0,3822000.0,2028-01-12,2024-01-12,143000.0,3965000.0,UNITY MOBILINDO,"Jl. Imam Bonjol No.88B, Karawaci, Kec. Karawaci, Kota Tangerang, Banten 15113",Banten,2023-04-15 12:32:00,2023-04-15 12:32:00,37
197,152,Honda,H MOBDD4 1.5,MINIBUS,MERAH METALIK,2014,automatic,Gasoline,5,1496,4,0,70000,B 1315 BYT,127000000,142000000,113000000.0,2966300.0,2024-05-03,2024-05-03,143000.0,3109300.0,UNITY MOBILINDO,"Jl. Imam Bonjol No.88B, Karawaci, Kec. Karawaci, Kota Tangerang, Banten 15113",Banten,2023-04-15 12:57:00,2023-04-15 12:57:00,37
198,43,Daihatsu,TER15RF,MINIBUS,PUTIH,2016,automatic,Gasoline,5,1495,4,0,78000,B 2866 BKV,145000000,160000000,143000000.0,3003000.0,2026-12-05,2023-12-05,143000.0,3146000.0,YANSA AUTO,"Jl. Boulevard Raya Gading Serpong No.2, Curug Sangereng, Banten,",Banten,2023-04-11 17:27:00,2023-04-11 17:27:00,38
199,41,Honda,JAZZ GK5,MINIBUS,HITAM MUTIARA,2020,automatic,Gasoline,5,1496,4,0,15000,B 2868 SGZ,250000000,265000000,210000000.0,4410000.0,2026-10-12,2023-10-12,143000.0,4553000.0,YANSA AUTO,"Jl. Boulevard Raya Gading Serpong No.2, Curug Sangereng, Banten,",Banten,2023-04-11 14:57:00,2023-04-11 14:57:00,38
200,42,Toyota,YARIS 1.5 S,MINIBUS,MERAH METALIK,2016,automatic,Gasoline,5,1497,4,0,55,B 2615 BFX,175000000,190000000,171000000.0,3591000.0,2026-02-24,2024-02-24,143000.0,3734000.0,YANSA AUTO,"Jl. Boulevard Raya Gading Serpong No.2, Curug Sangereng, Banten,",Banten,2023-04-11 15:05:00,2023-04-11 15:05:00,38
201,131,Ford,Mustang 2.3L Ecoboost,SEDAN,MERAH,2016,automatic,Gasoline,2,2300,4,1,80000,B 1635 SER,1020000000,1025000000,563000000.0,11541500.0,2027-02-14,2027-02-14,143000.0,11684500.0,ZUL GCR AUTO CARS,"Wtc Mangga Dua Jl. Raya Pantura No.8, Ancol, Kec. Pademangan, Jkt Utara",Jakarta Utara,2023-04-14 00:13:00,2023-04-14 00:13:00,39
202,107,BMW,320i E90,SEDAN,HITAM METALIK,2010,automatic,Gasoline,4,1995,4,0,56000,B 2595 SXA,222000000,232000000,203000000.0,4161500.0,2025-06-05,2025-06-05,143000.0,4304500.0,ZUL GCR AUTO CARS,"Wtc Mangga Dua Jl. Raya Pantura No.8, Ancol, Kec. Pademangan, Jkt Utara",Jakarta Utara,2023-04-13 11:31:00,2023-04-13 11:31:00,39
203,104,Mercedes Benz,SLK 200 CGI,SEDAN,MERAH METALIK,2012,automatic,Gasoline,2,1796,4,0,30000,B 2902 PBU,555000000,565000000,530000000.0,13581300.0,2027-06-05,2027-06-05,143000.0,13724300.0,ZUL GCR AUTO CARS,"Wtc Mangga Dua Jl. Raya Pantura No.8, Ancol, Kec. Pademangan, Jkt Utara",Jakarta Utara,2023-04-13 11:06:00,2023-04-13 11:06:00,39
204,105,Mitsubishi,Xpander Ultimate,Minibus,HITAM,2019,automatic,Gasoline,5,1499,4,0,38000,B 2945 UOA,208000000,213000000,194000000.0,5092500.0,2024-07-04,2024-07-04,143000.0,5235500.0,ZUL GCR AUTO CARS,"Wtc Mangga Dua Jl. Raya Pantura No.8, Ancol, Kec. Pademangan, Jkt Utara",Jakarta Utara,2023-04-13 11:13:00,2023-04-13 11:13:00,39
205,133,Mitsubishi,Xpander Sport,SUV,ABU ABU METALIK,2019,automatic,Gasoline,5,1499,4,0,26000,B 2036 SIB,200000000,210000000,187000000.0,3927000.0,2024-04-30,2024-04-30,143000.0,4070000.0,ZUL GCR AUTO CARS,"Wtc Mangga Dua Jl. Raya Pantura No.8, Ancol, Kec. Pademangan, Jkt Utara",Jakarta Utara,2023-04-14 00:26:00,2023-04-14 00:26:00,39
206,132,Toyota,Alphard G,Minibus,HITAM,2017,automatic,Gasoline,5,2494,4,0,45000,B 2779 PBU,800000000,810000000,764000000.0,16044000.0,2028-02-07,2028-02-07,153000.0,16197000.0,ZUL GCR AUTO CARS,"Wtc Mangga Dua Jl. Raya Pantura No.8, Ancol, Kec. Pademangan, Jkt Utara",Jakarta Utara,2023-04-14 00:22:00,2023-04-14 00:22:00,39
207,103,Hyundai,Palisade Signature,SUV,HITAM,2021,automatic,Diesel,5,2199,4,0,26000,B 2571 UZO,735000000,745000000,463000000.0,12153800.0,2027-01-31,2027-01-31,143000.0,12296800.0,ZUL GCR AUTO CARS,"Wtc Mangga Dua Jl. Raya Pantura No.8, Ancol, Kec. Pademangan, Jkt Utara",Jakarta Utara,2023-04-13 11:01:00,2023-04-13 11:01:00,39
208,106,Hyundai,Tucson,SUV,PUTIH,2018,automatic,Diesel,5,1995,4,0,38000,B 1409 SM,305000000,315000000,334000000.0,7014000.0,2023-09-03,2023-09-03,143000.0,7157000.0,ZUL GCR AUTO CARS,"Wtc Mangga Dua Jl. Raya Pantura No.8, Ancol, Kec. Pademangan, Jkt Utara",Jakarta Utara,2023-04-13 11:19:00,2023-04-13 11:19:00,39
209,130,Hyundai,H1 Royale,Minibus,ABU ABU METALIK,2016,automatic,Diesel,5,2497,4,0,80000,B 2305 SKR,305000000,312000000,305000000.0,6405000.0,2026-06-10,2026-06-10,153000.0,6558000.0,ZUL GCR AUTO CARS,"Wtc Mangga Dua Jl. Raya Pantura No.8, Ancol, Kec. Pademangan, Jkt Utara",Jakarta Utara,2023-04-14 00:05:00,2023-04-14 00:05:00,39
